state,city,town
Bihar,Bhagalpur,Alamnagar
Bihar,Bhagalpur,Alauli
Bihar,Bhagalpur,Amarpur
Bihar,Bhagalpur,Amur
Bihar,Bhagalpur,Araria
Bihar,Bhagalpur,Azamnagar
Bihar,Bhagalpur,Bahadurganj
Bihar,Bhagalpur,Bajar
Bihar,Bhagalpur,Banka
Bihar,Bhagalpur,Banmankhi
Bihar,Bhagalpur,Barahat
Bihar,Bhagalpur,Barari
Bihar,Bhagalpur,Barhat
Bihar,Bhagalpur,Barhiya
Bihar,Bhagalpur,Bariarpur
Bihar,Bhagalpur,Barsoi
Bihar,Bhagalpur,Basantpur
Bihar,Bhagalpur,Beldaur
Bihar,Bhagalpur,Bhargama
Bihar,Bhagalpur,Bhawanipur
Bihar,Bhagalpur,Bihariganj
Bihar,Bhagalpur,Bihpur
Bihar,Bhagalpur,Bounsi
Bihar,Bhagalpur,Chanan
Bihar,Bhagalpur,Chandan
Bihar,Bhagalpur,Chausa
Bihar,Bhagalpur,Chautham
Bihar,Bhagalpur,Chhatapur
Bihar,Bhagalpur,Dagrua
Bihar,Bhagalpur,Dhamdaha
Bihar,Bhagalpur,Dharhara
Bihar,Bhagalpur,Dhoraiya
Bihar,Bhagalpur,Dighalbank
Bihar,Bhagalpur,Falka
Bihar,Bhagalpur,Forbesganj
Bihar,Bhagalpur,Gidhaur (Bihar)
Bihar,Bhagalpur,Gogari
Bihar,Bhagalpur,Gopalpur
Bihar,Bhagalpur,Gwalpada
Bihar,Bhagalpur,Halsi
Bihar,Bhagalpur,Hasanganj
Bihar,Bhagalpur,Haveli Kharagpur
Bihar,Bhagalpur,Hemjapur
Bihar,Bhagalpur,Ismailpur
Bihar,Bhagalpur,Jamalpur
Bihar,Bhagalpur,Jamui
Bihar,Bhagalpur,Jhajha
Bihar,Bhagalpur,Jlalgadh
Bihar,Bhagalpur,Jogbani
Bihar,Bhagalpur,Jokihat
Bihar,Bhagalpur,Kahra
Bihar,Bhagalpur,Kajra
Bihar,Bhagalpur,Kasba
Bihar,Bhagalpur,Katihar
Bihar,Bhagalpur,Katoria
Bihar,Bhagalpur,Khagaria
Bihar,Bhagalpur,Khalganv
Bihar,Bhagalpur,Kharik
Bihar,Bhagalpur,Kishanganj (Bihar)
Bihar,Bhagalpur,Kishanpur
Bihar,Bhagalpur,Kochadhaman
Bihar,Bhagalpur,Kothi
Bihar,Bhagalpur,Krtyanandnagr
Bihar,Bhagalpur,Kumarkhand
Bihar,Bhagalpur,Kursakata
Bihar,Bhagalpur,Kursela
Bihar,Bhagalpur,Lakhisarai
Bihar,Bhagalpur,Lakshmipur
Bihar,Bhagalpur,Maheshkhunt
Bihar,Bhagalpur,Mahishi
Bihar,Bhagalpur,Manihari
Bihar,Bhagalpur,Mansi
Bihar,Bhagalpur,Medni Chauki
Bihar,Bhagalpur,Munger
Bihar,Bhagalpur,Murliganj
Bihar,Bhagalpur,Narpatganj
Bihar,Bhagalpur,Nathnagar
Bihar,Bhagalpur,Nauhatta
Bihar,Bhagalpur,Nauvagarhi
Bihar,Bhagalpur,Navagchhiya
Bihar,Bhagalpur,Parbatta
Bihar,Bhagalpur,Piparia
Bihar,Bhagalpur,Plasi
Bihar,Bhagalpur,Pothia
Bihar,Bhagalpur,Pratapganj
Bihar,Bhagalpur,Puraini
Bihar,Bhagalpur,Purnia
Bihar,Bhagalpur,Raghopur
Bihar,Bhagalpur,Rajoun
Bihar,Bhagalpur,Ramgarh Chauk
Bihar,Bhagalpur,Raniganj
Bihar,Bhagalpur,Rupuli
Bihar,Bhagalpur,Sabour
Bihar,Bhagalpur,Saharsa
Bihar,Bhagalpur,Salkhua
Bihar,Bhagalpur,Sangrampur (Bhagalpur)
Bihar,Bhagalpur,Saraigarh
Bihar,Bhagalpur,Satar Kataiya
Bihar,Bhagalpur,Saur
Bihar,Bhagalpur,Shahakund
Bihar,Bhagalpur,Shambhuganj
Bihar,Bhagalpur,Sikandara
Bihar,Bhagalpur,Siktti
Bihar,Bhagalpur,Simri Bakhtiyarpur
Bihar,Bhagalpur,Singheswar
Bihar,Bhagalpur,Sono
Bihar,Bhagalpur,Srinagar
Bihar,Bhagalpur,Sultanganj
Bihar,Bhagalpur,Supaul
Bihar,Bhagalpur,Surajgarha
Bihar,Bhagalpur,Tarapur
Bihar,Bhagalpur,Terhagachh
Bihar,Bhagalpur,Thakurganj
Bihar,Bhagalpur,Triveniganj
Bihar,Bhagalpur,Udakishunganj
Bihar,Bhagalpur,Vaisa
Bihar,Bhagalpur,Virpur (Bihar)
Bihar,Bhagalpur,asarganj
Bihar,Gaya,
Bihar,Muzaffarpur,Adapur
Bihar,Muzaffarpur,Alinagar
Bihar,Muzaffarpur,Andhrathadhi
Bihar,Muzaffarpur,Areraj
Bihar,Muzaffarpur,BabuBarhi
Bihar,Muzaffarpur,Bagha
Bihar,Muzaffarpur,Bahadurpur (Muzaffarpur)
Bihar,Muzaffarpur,Bairgania
Bihar,Muzaffarpur,Bairiya
Bihar,Muzaffarpur,Bajpatti
Bihar,Muzaffarpur,Bandra
Bihar,Muzaffarpur,Banjariya
Bihar,Muzaffarpur,Bankatva
Bihar,Muzaffarpur,Bathanaha
Bihar,Muzaffarpur,Belasand
Bihar,Muzaffarpur,Benipatti
Bihar,Muzaffarpur,Benipur
Bihar,Muzaffarpur,Bettiah
Bihar,Muzaffarpur,Bibhutipur
Bihar,Muzaffarpur,Biraul
Bihar,Muzaffarpur,Bisphi
Bihar,Muzaffarpur,Bithan
Bihar,Muzaffarpur,Bochan
Bihar,Muzaffarpur,Bokhara
Bihar,Muzaffarpur,Chakia
Bihar,Muzaffarpur,Chanpatia
Bihar,Muzaffarpur,Choraut
Bihar,Muzaffarpur,Dalsinghsarai
Bihar,Muzaffarpur,Darbhanga
Bihar,Muzaffarpur,Dhaka
Bihar,Muzaffarpur,Gaunaha
Bihar,Muzaffarpur,Gayghat
Bihar,Muzaffarpur,Ghanshyampur
Bihar,Muzaffarpur,Ghoghardiha
Bihar,Muzaffarpur,Ghorashan
Bihar,Muzaffarpur,Hanumannagar
Bihar,Muzaffarpur,Harlakhi
Bihar,Muzaffarpur,Harsiddhi
Bihar,Muzaffarpur,Hasanpur
Bihar,Muzaffarpur,Jainagar
Bihar,Muzaffarpur,Jale
Bihar,Muzaffarpur,Jhanjhapur
Bihar,Muzaffarpur,Kalyanpur
Bihar,Muzaffarpur,Katra
Bihar,Muzaffarpur,Kesariya
Bihar,Muzaffarpur,Kevti
Bihar,Muzaffarpur,Khajauli
Bihar,Muzaffarpur,Khanpur (Muzaffarpur)
Bihar,Muzaffarpur,Khutauna
Bihar,Muzaffarpur,Kotva
Bihar,Muzaffarpur,Kudhni
Bihar,Muzaffarpur,Kusheswarsthan
Bihar,Muzaffarpur,Ladniyan
Bihar,Muzaffarpur,Laheriasarai
Bihar,Muzaffarpur,Lakhnaur
Bihar,Muzaffarpur,Laukhi
Bihar,Muzaffarpur,Lauria
Bihar,Muzaffarpur,Madhawapur
Bihar,Muzaffarpur,Madhepura
Bihar,Muzaffarpur,Madhuban
Bihar,Muzaffarpur,Madhubani
Bihar,Muzaffarpur,Mainatand
Bihar,Muzaffarpur,Majhaulia
Bihar,Muzaffarpur,Manigachhi
Bihar,Muzaffarpur,Marvan
Bihar,Muzaffarpur,Meenapur
Bihar,Muzaffarpur,Mehsi
Bihar,Muzaffarpur,Mejargang
Bihar,Muzaffarpur,Mohanpur
Bihar,Muzaffarpur,Morva
Bihar,Muzaffarpur,Motihari
Bihar,Muzaffarpur,Motipur
Bihar,Muzaffarpur,Musrigharari
Bihar,Muzaffarpur,Nanpur
Bihar,Muzaffarpur,Narkatiaganj
Bihar,Muzaffarpur,Nautan
Bihar,Muzaffarpur,Orai
Bihar,Muzaffarpur,Pahadpur
Bihar,Muzaffarpur,Pahahi
Bihar,Muzaffarpur,Pakridayal
Bihar,Muzaffarpur,Pandola
Bihar,Muzaffarpur,Parihar
Bihar,Muzaffarpur,Parsauni
Bihar,Muzaffarpur,Phenhara
Bihar,Muzaffarpur,Phulpras
Bihar,Muzaffarpur,Puparee
Bihar,Muzaffarpur,Pusa
Bihar,Muzaffarpur,Rajnagar (Muzaffarpur)
Bihar,Muzaffarpur,Ramgadhva
Bihar,Muzaffarpur,Ramnagar
Bihar,Muzaffarpur,Raxaul
Bihar,Muzaffarpur,Riga
Bihar,Muzaffarpur,Rosara
Bihar,Muzaffarpur,Runnisaidapur
Bihar,Muzaffarpur,Sahebganj
Bihar,Muzaffarpur,Samastipur
Bihar,Muzaffarpur,Sangrampur ( Muzaffarpur)
Bihar,Muzaffarpur,Saraya
Bihar,Muzaffarpur,Sarayranjan
Bihar,Muzaffarpur,Sikrhna
Bihar,Muzaffarpur,Singhwara
Bihar,Muzaffarpur,Sitamarhi
Bihar,Muzaffarpur,Skra
Bihar,Muzaffarpur,Sonbarsha
Bihar,Muzaffarpur,Sugauli
Bihar,Muzaffarpur,Suppi
Bihar,Muzaffarpur,Surasand
Bihar,Muzaffarpur,Tajpur (Bihar)
Bihar,Muzaffarpur,Takraha
Bihar,Muzaffarpur,Turkauliya
Bihar,Muzaffarpur,Ujiyarpur
Bihar,Muzaffarpur,Valmiki Nagar
Bihar,Muzaffarpur,Vidyapatinagar
Bihar,Muzaffarpur,Warisnagar
Bihar,Muzaffarpur,shivahar
Bihar,Patna,Aams
Bihar,Patna,Adura
Bihar,Patna,Agiaon
Bihar,Patna,Aikma
Bihar,Patna,Akangrsray
Bihar,Patna,Akbrpur
Bihar,Patna,Akodhigola
Bihar,Patna,Amnaur
Bihar,Patna,Ander
Bihar,Patna,Ara
Bihar,Patna,Ariyri
Bihar,Patna,Asthawan
Bihar,Patna,Athamlgola
Bihar,Patna,Atri
Bihar,Patna,Aurangabad (Bihar)
Bihar,Patna,Bachhwara
Bihar,Patna,Badhara
Bihar,Patna,Ballia
Bihar,Patna,Baniyapur
Bihar,Patna,Barachtti
Bihar,Patna,Barauni
Bihar,Patna,Barbigha
Bihar,Patna,Bardh
Bihar,Patna,Barun
Bihar,Patna,Begusarai
Bihar,Patna,Belaganj
Bihar,Patna,Belchhi
Bihar,Patna,Bhabhua
Bihar,Patna,Bhagwanpur
Bihar,Patna,Bhagwanpur hat
Bihar,Patna,Bhojpur
Bihar,Patna,Bhore
Bihar,Patna,Bidupur
Bihar,Patna,Bihar Sharif
Bihar,Patna,Bihta
Bihar,Patna,Bikramganj
Bihar,Patna,Bind
Bihar,Patna,Bkhri
Bihar,Patna,Brhria
Bihar,Patna,Bruli
Bihar,Patna,Buxar
Bihar,Patna,Chakki
Bihar,Patna,Chand
Bihar,Patna,Chandi
Bihar,Patna,Charpokhari
Bihar,Patna,Chaungai
Bihar,Patna,Chenari
Bihar,Patna,Cheria bariarpur
Bihar,Patna,Chhapra
Bihar,Patna,Chhudahi
Bihar,Patna,Danapur
Bihar,Patna,Daryapur
Bihar,Patna,Daudnagr
Bihar,Patna,Davth
Bihar,Patna,Dehri
Bihar,Patna,Dev
Bihar,Patna,Dighwara
Bihar,Patna,Dinara (Bihar)
Bihar,Patna,Dndari
Bihar,Patna,Dniawan
Bihar,Patna,Dobhi
Bihar,Patna,Druli
Bihar,Patna,Drunda
Bihar,Patna,Dumranv
Bihar,Patna,Dumria
Bihar,Patna,Durgawati
Bihar,Patna,Fatuha
Bihar,Patna,Fulwarishrif
Bihar,Patna,Gdhapura
Bihar,Patna,Ghatksunbha
Bihar,Patna,Ghosi
Bihar,Patna,Giriyak
Bihar,Patna,Gobindapur
Bihar,Patna,Goh
Bihar,Patna,Gopalganj
Bihar,Patna,Goreyakothi
Bihar,Patna,Grkha
Bihar,Patna,Guraru
Bihar,Patna,Gurua
Bihar,Patna,Guthni
Bihar,Patna,Harnaut
Bihar,Patna,Hathua
Bihar,Patna,Hilsa
Bihar,Patna,Hisua
Bihar,Patna,Hspura
Bihar,Patna,Hulasganj
Bihar,Patna,Husainganj
Bihar,Patna,Imamganj
Bihar,Patna,Islampur
Bihar,Patna,Isuapur
Bihar,Patna,Jagdishpur
Bihar,Patna,Jalalpur
Bihar,Patna,Jehanabad
Bihar,Patna,Kaimur
Bihar,Patna,Kako
Bihar,Patna,Karakat
Bihar,Patna,Kashichak
Bihar,Patna,Kateya
Bihar,Patna,Kauaakol
Bihar,Patna,Kesth
Bihar,Patna,Kijarsray
Bihar,Patna,Kitrisray
Bihar,Patna,Kochs
Bihar,Patna,Konch
Bihar,Patna,Krhagar
Bihar,Patna,Kuchaykot
Bihar,Patna,Kudra
Bihar,Patna,Kutunba
Bihar,Patna,Lahladpur
Bihar,Patna,Lalganj
Bihar,Patna,Madanpur
Bihar,Patna,Madhura
Bihar,Patna,Maharajganj
Bihar,Patna,Mahnar
Bihar,Patna,Mairwa
Bihar,Patna,Maker
Bihar,Patna,Makhdumpur
Bihar,Patna,Maner
Bihar,Patna,Manja
Bihar,Patna,Manjhi
Bihar,Patna,Mansurchak
Bihar,Patna,Masaurhi
Bihar,Patna,Mashrak
Bihar,Patna,Messkaur
Bihar,Patna,Modnganj
Bihar,Patna,Mohania
Bihar,Patna,Mokama
Bihar,Patna,Mtihani
Bihar,Patna,Nagra
Bihar,Patna,Nagrnausa
Bihar,Patna,Nalanda
Bihar,Patna,Nardiganj
Bihar,Patna,Nasriganj
Bihar,Patna,Naubtpur
Bihar,Patna,Nauhtta
Bihar,Patna,Nautn
Bihar,Patna,Nawada
Bihar,Patna,Nawanagr
Bihar,Patna,Nrhat
Bihar,Patna,Nursray
Bihar,Patna,Obra
Bihar,Patna,Pachrukhi
Bihar,Patna,Paliganj
Bihar,Patna,Panapur
Bihar,Patna,Pancdevri
Bihar,Patna,Pandark
Bihar,Patna,Parsa
Bihar,Patna,Phulwaria
Bihar,Patna,Piro
Bihar,Patna,Pkaribrawan
Bihar,Patna,Praia
Bihar,Patna,Punpun
Bihar,Patna,Rafigunj
Bihar,Patna,Rajgir
Bihar,Patna,Rajuli
Bihar,Patna,Rhui
Bihar,Patna,Roh
Bihar,Patna,Rohtas
Bihar,Patna,Sahar
Bihar,Patna,Sahebpurkamal
Bihar,Patna,Sandes
Bihar,Patna,Saran
Bihar,Patna,Sarmera
Bihar,Patna,Sasaram
Bihar,Patna,Sekhopursray
Bihar,Patna,Shekhapura
Bihar,Patna,Sherghati
Bihar,Patna,Sidhavlia
Bihar,Patna,Silaw
Bihar,Patna,Simri
Bihar,Patna,Sirdla
Bihar,Patna,Sisvan
Bihar,Patna,Sivasagar
Bihar,Patna,Siwan
Bihar,Patna,Snjuli
Bihar,Patna,Sonepur
Bihar,Patna,Surypura
Bihar,Patna,Tarari
Bihar,Patna,Tegdha
Bihar,Patna,Tharthari
Bihar,Patna,Thawe
Bihar,Patna,Tiluthu
Bihar,Patna,Traya
Bihar,Patna,Uchkaganv
Bihar,Patna,Udwantnagr
Bihar,Patna,Vaishali
Bihar,Patna,Vijayipur
Bihar,Patna,Vikram
Bihar,Patna,Warsliganj
Bihar,Patna,Wean
Bihar,Patna,krayprshuray
Chandigarh,Manimajra,
Chandigarh,Mohali,Dera bassi
Chandigarh,Mohali,Kharar
Chandigarh,Mohali,Kurali
Chandigarh,Mohali,Lalru
Chandigarh,Mohali,nayagaon
Chandigarh,Panchkula,Kalka
Chandigarh,Panchkula,Pinjore
Chandigarh,Panchkula,Raipur rani
Chandigarh,Zirakpur,
Chhattisgarh,Bhilai,Ahiwara
Chhattisgarh,Bhilai,Anda
Chhattisgarh,Bhilai,Arjunda
Chhattisgarh,Bhilai,Arjuni
Chhattisgarh,Bhilai,Balod
Chhattisgarh,Bhilai,Bandha Bazar
Chhattisgarh,Bhilai,Bemetara
Chhattisgarh,Bhilai,Charoda
Chhattisgarh,Bhilai,Chhuikhadan
Chhattisgarh,Bhilai,Chhuriya
Chhattisgarh,Bhilai,Dallirajhara
Chhattisgarh,Bhilai,Devri Bangla
Chhattisgarh,Bhilai,Dhamdha
Chhattisgarh,Bhilai,Dongargaon
Chhattisgarh,Bhilai,Dongargarh
Chhattisgarh,Bhilai,Doundilohara
Chhattisgarh,Bhilai,Durg
Chhattisgarh,Bhilai,Gandai pandhiya
Chhattisgarh,Bhilai,Ghumka
Chhattisgarh,Bhilai,Gondia
Chhattisgarh,Bhilai,Gunderdehi
Chhattisgarh,Bhilai,Gurur
Chhattisgarh,Bhilai,Hudco
Chhattisgarh,Bhilai,Jamgaon
Chhattisgarh,Bhilai,Khairagarh
Chhattisgarh,Bhilai,Kumhari (Chhattisgarh)
Chhattisgarh,Bhilai,Manpur
Chhattisgarh,Bhilai,Mohala
Chhattisgarh,Bhilai,Nandni
Chhattisgarh,Bhilai,Nikum
Chhattisgarh,Bhilai,Patewa
Chhattisgarh,Bhilai,Power house
Chhattisgarh,Bhilai,Rajnandgaon
Chhattisgarh,Bhilai,Ranitarai
Chhattisgarh,Bhilai,Sadak chirchari
Chhattisgarh,Bhilai,Sakti (Raigarh)
Chhattisgarh,Bhilai,Sambalpur
Chhattisgarh,Bhilai,Sanoud
Chhattisgarh,Bhilai,Selud
Chhattisgarh,Bhilai,Somni
Chhattisgarh,Bhilai,Supela
Chhattisgarh,Bhilai,Tarribharada
Chhattisgarh,Bhilai,Uparvah
Chhattisgarh,Bhilai,Utai
Chhattisgarh,Bilaspur,Ambikapur
Chhattisgarh,Bilaspur,Balkonagar
Chhattisgarh,Bilaspur,Balrampur
Chhattisgarh,Bilaspur,Bankimongra
Chhattisgarh,Bilaspur,Barbaspur
Chhattisgarh,Bilaspur,Batouli
Chhattisgarh,Bilaspur,Bhaiyathan
Chhattisgarh,Bilaspur,Bilha
Chhattisgarh,Bilaspur,Chirmiri
Chhattisgarh,Bilaspur,Dipka
Chhattisgarh,Bilaspur,Gaurela
Chhattisgarh,Bilaspur,Jamnipali
Chhattisgarh,Bilaspur,Kargi Road
Chhattisgarh,Bilaspur,Kartala
Chhattisgarh,Bilaspur,Katghora
Chhattisgarh,Bilaspur,Korba
Chhattisgarh,Bilaspur,Koria
Chhattisgarh,Bilaspur,Kusmunda
Chhattisgarh,Bilaspur,Lakhanpur
Chhattisgarh,Bilaspur,Lormi
Chhattisgarh,Bilaspur,Mainpat
Chhattisgarh,Bilaspur,Masturi
Chhattisgarh,Bilaspur,Mungeli
Chhattisgarh,Bilaspur,Odgi
Chhattisgarh,Bilaspur,Pathriya
Chhattisgarh,Bilaspur,Patna (Ambikapur)
Chhattisgarh,Bilaspur,Pendra
Chhattisgarh,Bilaspur,Premnagar
Chhattisgarh,Bilaspur,Rajpur (Chhattisgarh)
Chhattisgarh,Bilaspur,Ramanujganj
Chhattisgarh,Bilaspur,Ratanpur
Chhattisgarh,Bilaspur,Sargaon
Chhattisgarh,Bilaspur,Shankargarh
Chhattisgarh,Bilaspur,Sipat
Chhattisgarh,Bilaspur,Sitapur
Chhattisgarh,Bilaspur,Surajpur
Chhattisgarh,Bilaspur,Takhatpur
Chhattisgarh,Bilaspur,Tanakhar
Chhattisgarh,Bilaspur,Vadrafnagar
Chhattisgarh,Bilaspur,Vishrampur (Chhattisgarh)
Chhattisgarh,Raigarh,Ankira
Chhattisgarh,Raigarh,Bagicha
Chhattisgarh,Raigarh,Baloda
Chhattisgarh,Raigarh,Baradwar
Chhattisgarh,Raigarh,Baramkela
Chhattisgarh,Raigarh,Champa
Chhattisgarh,Raigarh,Chandrapur
Chhattisgarh,Raigarh,Chhal
Chhattisgarh,Raigarh,Dabhara
Chhattisgarh,Raigarh,Dansara
Chhattisgarh,Raigarh,Devri
Chhattisgarh,Raigarh,Fharshabhar
Chhattisgarh,Raigarh,Janjgeer
Chhattisgarh,Raigarh,Jashpur
Chhattisgarh,Raigarh,Jayjaypur
Chhattisgarh,Raigarh,Kanshabail
Chhattisgarh,Raigarh,Kharsia
Chhattisgarh,Raigarh,Kunkuri
Chhattisgarh,Raigarh,Lailunga
Chhattisgarh,Raigarh,Pamgarh
Chhattisgarh,Raigarh,Pathalgaon
Chhattisgarh,Raigarh,Pussore
Chhattisgarh,Raigarh,Sanna
Chhattisgarh,Raigarh,Saranggarh
Chhattisgarh,Raigarh,Sariya
Chhattisgarh,Raigarh,Shivrinarayan
Chhattisgarh,Raigarh,Tamnar
Chhattisgarh,Raigarh,Tapkara
Chhattisgarh,Raipur,Aarang
Chhattisgarh,Raipur,Abhanpur
Chhattisgarh,Raipur,Amdi
Chhattisgarh,Raipur,Amlipadar
Chhattisgarh,Raipur,Antagarh
Chhattisgarh,Raipur,Bacheli
Chhattisgarh,Raipur,Badgaon
Chhattisgarh,Raipur,Bagbahara
Chhattisgarh,Raipur,Balangir
Chhattisgarh,Raipur,Balenga
Chhattisgarh,Raipur,Balodabazar
Chhattisgarh,Raipur,Bargarh
Chhattisgarh,Raipur,Barsur
Chhattisgarh,Raipur,Basna
Chhattisgarh,Raipur,Bastar
Chhattisgarh,Raipur,Berla
Chhattisgarh,Raipur,Bhanpuri
Chhattisgarh,Raipur,Bhanupratap pur
Chhattisgarh,Raipur,Bhanupratappur
Chhattisgarh,Raipur,Bhatapara
Chhattisgarh,Raipur,Bhatgaon
Chhattisgarh,Raipur,Bhopalpattnam
Chhattisgarh,Raipur,Bijapur
Chhattisgarh,Raipur,Bilaigarh
Chhattisgarh,Raipur,Birejhar
Chhattisgarh,Raipur,Charama
Chhattisgarh,Raipur,Chhura
Chhattisgarh,Raipur,Dantewada
Chhattisgarh,Raipur,Devbhog
Chhattisgarh,Raipur,Dhamtari
Chhattisgarh,Raipur,Dharashiv
Chhattisgarh,Raipur,Dongridih
Chhattisgarh,Raipur,Farasgaon
Chhattisgarh,Raipur,Fingeshwar
Chhattisgarh,Raipur,Gadiras
Chhattisgarh,Raipur,Gariaband
Chhattisgarh,Raipur,Gariyaband
Chhattisgarh,Raipur,Gidhori
Chhattisgarh,Raipur,Gondahur
Chhattisgarh,Raipur,Hathbandh
Chhattisgarh,Raipur,Jagdalpur
Chhattisgarh,Raipur,Kanker
Chhattisgarh,Raipur,Kantabanji
Chhattisgarh,Raipur,Kapsi
Chhattisgarh,Raipur,Katgi
Chhattisgarh,Raipur,Kawardha
Chhattisgarh,Raipur,Kendri
Chhattisgarh,Raipur,Keshkal
Chhattisgarh,Raipur,Khariyar road
Chhattisgarh,Raipur,Khrora
Chhattisgarh,Raipur,Kodwa
Chhattisgarh,Raipur,Kondagaon
Chhattisgarh,Raipur,Konta
Chhattisgarh,Raipur,Kopra
Chhattisgarh,Raipur,Korar
Chhattisgarh,Raipur,Koylibeda
Chhattisgarh,Raipur,Kukrel
Chhattisgarh,Raipur,Kurud
Chhattisgarh,Raipur,Lakhanpuri
Chhattisgarh,Raipur,Lawan
Chhattisgarh,Raipur,Magarload
Chhattisgarh,Raipur,Mahasamund
Chhattisgarh,Raipur,Mainpur
Chhattisgarh,Raipur,Mandir hasoud
Chhattisgarh,Raipur,Mundagaon
Chhattisgarh,Raipur,Nagri
Chhattisgarh,Raipur,Narharpur
Chhattisgarh,Raipur,Nawagarh
Chhattisgarh,Raipur,Nayapara Rajim
Chhattisgarh,Raipur,Odisha
Chhattisgarh,Raipur,Palari
Chhattisgarh,Raipur,Pandriya
Chhattisgarh,Raipur,Pankhanjur
Chhattisgarh,Raipur,Pawani
Chhattisgarh,Raipur,Pithora
Chhattisgarh,Raipur,Purgaon
Chhattisgarh,Raipur,Purur
Chhattisgarh,Raipur,Rawan
Chhattisgarh,Raipur,Sahaspur Lohara
Chhattisgarh,Raipur,Saja
Chhattisgarh,Raipur,Saragaon
Chhattisgarh,Raipur,Saraipali
Chhattisgarh,Raipur,Silhati
Chhattisgarh,Raipur,Simga
Chhattisgarh,Raipur,Sirpur
Chhattisgarh,Raipur,Sirri
Chhattisgarh,Raipur,Suhela
Chhattisgarh,Raipur,Sukma
Chhattisgarh,Raipur,Tilda
Chhattisgarh,Raipur,Tongpal
Chhattisgarh,Raipur,Tumgaon
Chhattisgarh,Raipur,Vishrampuri
Chhattisgarh,Raipur,jijamgaon
Chhattisgarh,Raipur,sail
Delhi + NCR,Faridabad,Ballabgarh
Delhi + NCR,Faridabad,Hathin
Delhi + NCR,Faridabad,Hodal
Delhi + NCR,Faridabad,Palwal
Delhi + NCR,Faridabad,Tigaon
Delhi + NCR,Gurgaon,Farrukh Nagar
Delhi + NCR,Gurgaon,Ferozepur Jhirka
Delhi + NCR,Gurgaon,Mewat
Delhi + NCR,Gurgaon,Nuh
Delhi + NCR,Gurgaon,Pataudi
Delhi + NCR,Gurgaon,Sohna
Delhi + NCR,Gurgaon,Tavdu
Gujarat,Ahmedabad,Bavla
Gujarat,Ahmedabad,Daskroi
Gujarat,Ahmedabad,Detroj
Gujarat,Ahmedabad,Dhandhuka
Gujarat,Ahmedabad,Dholera
Gujarat,Ahmedabad,Dholka
Gujarat,Ahmedabad,Mandal
Gujarat,Ahmedabad,Rampura
Gujarat,Ahmedabad,Sanand
Gujarat,Ahmedabad,Viramgam
Gujarat,Ahwa,Saputara
Gujarat,Ahwa,Subir
Gujarat,Ahwa,Waghai
Gujarat,Amreli,Babra
Gujarat,Amreli,Bagasara
Gujarat,Amreli,Dhari
Gujarat,Amreli,Jafrabad
Gujarat,Amreli,Khambha
Gujarat,Amreli,Kunkavav
Gujarat,Amreli,Lathi
Gujarat,Amreli,Liliya
Gujarat,Amreli,Rajula
Gujarat,Amreli,Savarkundla
Gujarat,Anand,Anklav
Gujarat,Anand,Bharoda
Gujarat,Anand,Borsad
Gujarat,Anand,Khambhat
Gujarat,Anand,Petlad
Gujarat,Anand,Sojitra
Gujarat,Anand,Tarapur
Gujarat,Anand,Umreth
Gujarat,Anand,Vidhyanagar
Gujarat,Bharuch,Amod
Gujarat,Bharuch,Ankleshwar
Gujarat,Bharuch,Dahej
Gujarat,Bharuch,Hansot
Gujarat,Bharuch,Jambusar
Gujarat,Bharuch,Jhagadia
Gujarat,Bharuch,Netrang
Gujarat,Bharuch,Palej
Gujarat,Bharuch,Rajpardi
Gujarat,Bharuch,Vagara
Gujarat,Bharuch,Valia
Gujarat,Bhavnagar,Gariadhar
Gujarat,Bhavnagar,Ghogha
Gujarat,Bhavnagar,Jesar
Gujarat,Bhavnagar,Mahuva
Gujarat,Bhavnagar,Palitana
Gujarat,Bhavnagar,Sihor
Gujarat,Bhavnagar,Talaja
Gujarat,Bhavnagar,Umrala
Gujarat,Bhavnagar,Vallabhipur
Gujarat,Bhuj,Abdasa
Gujarat,Bhuj,Anjar
Gujarat,Bhuj,Bhachau
Gujarat,Bhuj,Dayapar
Gujarat,Bhuj,Deshalpar
Gujarat,Bhuj,Gadhshisha
Gujarat,Bhuj,Gandhidham
Gujarat,Bhuj,Godhara
Gujarat,Bhuj,Kandla
Gujarat,Bhuj,Lakhond
Gujarat,Bhuj,Lakhpat
Gujarat,Bhuj,Mandvi
Gujarat,Bhuj,Mundra
Gujarat,Bhuj,Nakhatrana
Gujarat,Bhuj,Naliya
Gujarat,Bhuj,Rapar
Gujarat,Botad,Barvala
Gujarat,Botad,Gadhada
Gujarat,Botad,Ranpur
Gujarat,Chhota Udaipur,Bodeli
Gujarat,Chhota Udaipur,Kavant
Gujarat,Chhota Udaipur,Nasvadi
Gujarat,Chhota Udaipur,Pavi Jetpur
Gujarat,Chhota Udaipur,Sankheda
Gujarat,Dahod,Devgadh Baria
Gujarat,Dahod,Dhanpur
Gujarat,Dahod,Fatepura
Gujarat,Dahod,Garbada
Gujarat,Dahod,Jhalod
Gujarat,Dahod,Limkheda
Gujarat,Dahod,Sanjeli
Gujarat,Dahod,Singvad
Gujarat,Dahod,Sukhsar
Gujarat,Daman,
Gujarat,Dhangandra,
Gujarat,Diu,
Gujarat,Gandhinagar,Dahegam
Gujarat,Gandhinagar,Kalol
Gujarat,Gandhinagar,Mansa
Gujarat,Godhra,Ghoghamba
Gujarat,Godhra,Halol
Gujarat,Godhra,Jambughoda
Gujarat,Godhra,Kalol
Gujarat,Godhra,Morwa Hadaf
Gujarat,Godhra,Shehera
Gujarat,Himatnagar,Idar
Gujarat,Himatnagar,Khedbrahma
Gujarat,Himatnagar,Poshina
Gujarat,Himatnagar,Prantij
Gujarat,Himatnagar,Talod
Gujarat,Himatnagar,Vadali
Gujarat,Himatnagar,Vijaynagar
Gujarat,Jamkhambhaliya,Bhanvad
Gujarat,Jamkhambhaliya,Dwarka
Gujarat,Jamkhambhaliya,Kalyanpur
Gujarat,Jamkhambhaliya,Mithapur
Gujarat,Jamkhambhaliya,Okha
Gujarat,Jamnagar,Dhrol
Gujarat,Jamnagar,Jam Jodhpur
Gujarat,Jamnagar,Jodia
Gujarat,Jamnagar,Kalavad
Gujarat,Jamnagar,Lalpur
Gujarat,Junagadh,Bantwa
Gujarat,Junagadh,Bhesan
Gujarat,Junagadh,Bilkha
Gujarat,Junagadh,Keshod
Gujarat,Junagadh,Maliya Hatina
Gujarat,Junagadh,Manavadar
Gujarat,Junagadh,Mangrol
Gujarat,Junagadh,Mendarda
Gujarat,Junagadh,Vanthali
Gujarat,Junagadh,Visavadar
Gujarat,Lunavada,Balasinor
Gujarat,Lunavada,Kadana
Gujarat,Lunavada,Khanpur
Gujarat,Lunavada,Santrampur
Gujarat,Lunavada,Virpur
Gujarat,Mehsana,Becharaji
Gujarat,Mehsana,Jotana
Gujarat,Mehsana,Kadi
Gujarat,Mehsana,Kheralu
Gujarat,Mehsana,Kukarvada
Gujarat,Mehsana,Sankeshwar
Gujarat,Mehsana,Satlasana
Gujarat,Mehsana,Unjha
Gujarat,Mehsana,Vadnagar
Gujarat,Mehsana,Vijapur
Gujarat,Mehsana,Visnagar
Gujarat,Modasa,Bayad
Gujarat,Modasa,Bhiloda
Gujarat,Modasa,Dhansura
Gujarat,Modasa,Malpur
Gujarat,Modasa,Meghraj
Gujarat,Modasa,Shamlaji
Gujarat,Morbi,Halvad
Gujarat,Morbi,Maliya Miyana
Gujarat,Morbi,Tankara
Gujarat,Morbi,Wankaner
Gujarat,NRG,
Gujarat,Nadiad,Dakor
Gujarat,Nadiad,Galteshwar
Gujarat,Nadiad,Kapadvanj
Gujarat,Nadiad,Kathlal
Gujarat,Nadiad,Kheda
Gujarat,Nadiad,Mahudha
Gujarat,Nadiad,Matar
Gujarat,Nadiad,Mehmedabad
Gujarat,Nadiad,Thasra
Gujarat,Nadiad,Vaso
Gujarat,Navsari,Amalsad
Gujarat,Navsari,Bilimora
Gujarat,Navsari,Chikhli
Gujarat,Navsari,Dandi Road
Gujarat,Navsari,Gadat
Gujarat,Navsari,Gandevi
Gujarat,Navsari,Jalalpore
Gujarat,Navsari,Kharel
Gujarat,Navsari,Khergam
Gujarat,Navsari,Maroli
Gujarat,Navsari,Unai
Gujarat,Navsari,Vansda
Gujarat,Navsari,Vesma
Gujarat,Palanpur,Ambaji
Gujarat,Palanpur,Amirgarh
Gujarat,Palanpur,Bhabhar
Gujarat,Palanpur,Danta
Gujarat,Palanpur,Dantivada
Gujarat,Palanpur,Deesa
Gujarat,Palanpur,Deodar
Gujarat,Palanpur,Dhanera
Gujarat,Palanpur,Iqabalgarh
Gujarat,Palanpur,Kankrej
Gujarat,Palanpur,Khimana
Gujarat,Palanpur,Lakhani
Gujarat,Palanpur,Shihori
Gujarat,Palanpur,Suigam
Gujarat,Palanpur,Thara
Gujarat,Palanpur,Tharad
Gujarat,Palanpur,Vadgam
Gujarat,Palanpur,Vav
Gujarat,Patan,Chanasma
Gujarat,Patan,Harij
Gujarat,Patan,Radhanpur
Gujarat,Patan,Sami
Gujarat,Patan,Santalpur
Gujarat,Patan,Sarasvati
Gujarat,Patan,Shankheshwar
Gujarat,Patan,Siddhpur
Gujarat,Patan,Vagdod
Gujarat,Porbandar,Kutiyana
Gujarat,Porbandar,Ranavav
Gujarat,Rajkot,Dhoraji
Gujarat,Rajkot,Gondal
Gujarat,Rajkot,Jamkandorna
Gujarat,Rajkot,Jasdan
Gujarat,Rajkot,Jetpur
Gujarat,Rajkot,Kotda Sangani
Gujarat,Rajkot,Lodhika
Gujarat,Rajkot,Paddhari
Gujarat,Rajkot,Upleta
Gujarat,Rajkot,Vinchhiya
Gujarat,Rajkot,Virpur
Gujarat,Rajpipla,Dediapada
Gujarat,Rajpipla,Garudeshwar
Gujarat,Rajpipla,Kevadia
Gujarat,Rajpipla,Nandod
Gujarat,Rajpipla,Sagbara
Gujarat,Rajpipla,Selamba
Gujarat,Rajpipla,Tilakwada
Gujarat,Silvassa,
Gujarat,Surat,Bardoli
Gujarat,Surat,Choryasi
Gujarat,Surat,Kadod
Gujarat,Surat,Kamrej
Gujarat,Surat,Kim
Gujarat,Surat,Kosamba
Gujarat,Surat,Mahuva
Gujarat,Surat,Mangrol
Gujarat,Surat,Olpad
Gujarat,Surat,Palsana
Gujarat,Surat,Sayan
Gujarat,Surat,Takarama
Gujarat,Surat,Umarpada
Gujarat,Surat,Vankal
Gujarat,Surat,
Gujarat,Surendranagar,Chotila
Gujarat,Surendranagar,Chuda
Gujarat,Surendranagar,Dasada
Gujarat,Surendranagar,Dhrangadhra
Gujarat,Surendranagar,Lakhtar
Gujarat,Surendranagar,Limbadi
Gujarat,Surendranagar,Muli
Gujarat,Surendranagar,Patdi
Gujarat,Surendranagar,Sayla
Gujarat,Surendranagar,Thangadh
Gujarat,Surendranagar,Wadhwan
Gujarat,Vadhvan,
Gujarat,Vadodara,Dabhoi
Gujarat,Vadodara,Desar
Gujarat,Vadodara,Karjan
Gujarat,Vadodara,Padra
Gujarat,Vadodara,Savli
Gujarat,Vadodara,Sinor
Gujarat,Vadodara,Waghodia
Gujarat,Valsad,Bhilad
Gujarat,Valsad,Dharampur
Gujarat,Valsad,Kaprada
Gujarat,Valsad,Nanapondha
Gujarat,Valsad,Pardi
Gujarat,Valsad,Umbergaon
Gujarat,Valsad,Vapi
Gujarat,Veraval,Girgadhada
Gujarat,Veraval,Kodinar
Gujarat,Veraval,Sutrapada
Gujarat,Veraval,Talala
Gujarat,Veraval,Una
Gujarat,Vyara,Dolvan
Gujarat,Vyara,Kukarmunda
Gujarat,Vyara,Nizar
Gujarat,Vyara,Songadh
Gujarat,Vyara,Uchchhal
Gujarat,Vyara,Ukai
Gujarat,Vyara,Valod
Haryana,Ambala,Babain
Haryana,Ambala,Barara
Haryana,Ambala,Chacharauli
Haryana,Ambala,Cheeka
Haryana,Ambala,Dhand
Haryana,Ambala,Ismailabad
Haryana,Ambala,Jagadhari
Haryana,Ambala,Kaithal
Haryana,Ambala,Kalayat
Haryana,Ambala,Khijrabad
Haryana,Ambala,Kurukshetra
Haryana,Ambala,Ladwa
Haryana,Ambala,Mullana
Haryana,Ambala,Mustafabad
Haryana,Ambala,Naraingarh
Haryana,Ambala,Pai
Haryana,Ambala,Pehowa
Haryana,Ambala,Pipli
Haryana,Ambala,Pundri
Haryana,Ambala,Radaur
Haryana,Ambala,Rajound
Haryana,Ambala,Sadora
Haryana,Ambala,Shahbad
Haryana,Ambala,Shahzadpur
Haryana,Ambala,Yamunanagar
Haryana,Hisar,Adampur
Haryana,Hisar,Agroha
Haryana,Hisar,Badhra
Haryana,Hisar,Bahal
Haryana,Hisar,Baliyala
Haryana,Hisar,Balsamand
Haryana,Hisar,Barwala (Hisar)
Haryana,Hisar,Baund kalan
Haryana,Hisar,Bawani khera
Haryana,Hisar,Bhattu kalan
Haryana,Hisar,Bhiwani
Haryana,Hisar,Bhuna
Haryana,Hisar,Chang
Haryana,Hisar,Charkhi dadri
Haryana,Hisar,Dhigava
Haryana,Hisar,Ellenabad
Haryana,Hisar,Fatehabad
Haryana,Hisar,Hansi
Haryana,Hisar,Jakhalmandi
Haryana,Hisar,Jhojhu Kalan
Haryana,Hisar,Jui
Haryana,Hisar,Kadma
Haryana,Hisar,Kalanwali
Haryana,Hisar,Kullan
Haryana,Hisar,Loharu
Haryana,Hisar,Mandi dabwali
Haryana,Hisar,Narnaund
Haryana,Hisar,Nathusari chopta
Haryana,Hisar,Odha
Haryana,Hisar,Raniya
Haryana,Hisar,Ratia
Haryana,Hisar,Ratiya
Haryana,Hisar,Rori
Haryana,Hisar,Sirsa
Haryana,Hisar,Siwani
Haryana,Hisar,Tohana
Haryana,Hisar,Tosham
Haryana,Hisar,Uklanamandi
Haryana,Hisar,dabwali
Haryana,Hisar,keru
Haryana,Karnal,Asandh
Haryana,Karnal,Gari birbal
Haryana,Karnal,Gharaunda
Haryana,Karnal,Indri
Haryana,Karnal,Judla
Haryana,Karnal,Nigdu
Haryana,Karnal,Nilokheri
Haryana,Karnal,Nising
Haryana,Karnal,Taraori
Haryana,Panipat,Alewa
Haryana,Panipat,Jind
Haryana,Panipat,Julana
Haryana,Panipat,Kharkhonda
Haryana,Panipat,Matlouda
Haryana,Panipat,Narwana
Haryana,Panipat,Refinery
Haryana,Panipat,Safidon
Haryana,Panipat,Samalkha
Haryana,Panipat,Sanoli
Haryana,Panipat,Tharmal
Haryana,Panipat,Uchana
Haryana,Rohtak,Aakoda
Haryana,Rohtak,Ateli
Haryana,Rohtak,Bahadurgarh
Haryana,Rohtak,Bahu
Haryana,Rohtak,Bahu-Akbarpur
Haryana,Rohtak,Bawal
Haryana,Rohtak,Beri
Haryana,Rohtak,Bhalauth
Haryana,Rohtak,Dahina
Haryana,Rohtak,Dharuhera
Haryana,Rohtak,Dulhera
Haryana,Rohtak,Jatoosana
Haryana,Rohtak,Jhajjar
Haryana,Rohtak,Kalanaur
Haryana,Rohtak,Kanina
Haryana,Rohtak,Kosli
Haryana,Rohtak,Ksaula
Haryana,Rohtak,Kund
Haryana,Rohtak,Machhrauli
Haryana,Rohtak,Maham
Haryana,Rohtak,Mahendragarh
Haryana,Rohtak,Nangal chaudhary
Haryana,Rohtak,Nangal mundi
Haryana,Rohtak,Narnaul
Haryana,Rohtak,Nijampur
Haryana,Rohtak,Rewari
Haryana,Rohtak,Sampla
Haryana,Rohtak,Sanghi
Haryana,Rohtak,Satnali
Haryana,Sonipat,Ganaur
Haryana,Sonipat,Gohana
Haryana,Sonipat,Khanpur Kalan
Haryana,Sonipat,Kharkhoda
Haryana,Sonipat,Murthal
Haryana,Sonipat,Narela
Haryana,Sonipat,Rai (Sonipat)
Himachal,Mandi,
Himachal,Nahan,Panvtasahib
Himachal,Shimla,Aani
Himachal,Shimla,Baddi
Himachal,Shimla,Daulatpur Chowk
Himachal,Shimla,Hamirpur
Himachal,Shimla,Kangra
Himachal,Shimla,Kullu
Himachal,Shimla,Kunihar
Himachal,Shimla,Manali
Himachal,Shimla,Manpura
Himachal,Shimla,Nadaun
Himachal,Shimla,Nalagarh
Himachal,Shimla,Paonta Sahib
Himachal,Shimla,Rampur
Himachal,Shimla,Reckong Peo
Himachal,Shimla,Renukaji
Himachal,Shimla,Rohru
Himachal,Shimla,Solan
Himachal,Shimla,Thiyog
Jharkhand,Dhanbad,Baghmara
Jharkhand,Dhanbad,Baliyapur
Jharkhand,Dhanbad,Bangabad
Jharkhand,Dhanbad,Barora
Jharkhand,Dhanbad,Barvadda
Jharkhand,Dhanbad,Bermo
Jharkhand,Dhanbad,Bhagabandh
Jharkhand,Dhanbad,Bhagatdih
Jharkhand,Dhanbad,BhoJhudih
Jharkhand,Dhanbad,Bhuli
Jharkhand,Dhanbad,Bindapathar
Jharkhand,Dhanbad,Birni
Jharkhand,Dhanbad,Bokaro
Jharkhand,Dhanbad,Chandarpura
Jharkhand,Dhanbad,Chas
Jharkhand,Dhanbad,Chasnala
Jharkhand,Dhanbad,Chatro
Jharkhand,Dhanbad,Chirkanda
Jharkhand,Dhanbad,Deoghar
Jharkhand,Dhanbad,Dumka
Jharkhand,Dhanbad,Dwarpahri
Jharkhand,Dhanbad,Fatehpur (Dhanbad)
Jharkhand,Dhanbad,Gandey
Jharkhand,Dhanbad,Gawo
Jharkhand,Dhanbad,Giridih
Jharkhand,Dhanbad,Gomiya
Jharkhand,Dhanbad,Gomo
Jharkhand,Dhanbad,Govindpur
Jharkhand,Dhanbad,Hirodih
Jharkhand,Dhanbad,Jainamor
Jharkhand,Dhanbad,Jama
Jharkhand,Dhanbad,Jamtara
Jharkhand,Dhanbad,Jamua
Jharkhand,Dhanbad,Jhariya
Jharkhand,Dhanbad,Kamasmar
Jharkhand,Dhanbad,Karamatand
Jharkhand,Dhanbad,Kathara
Jharkhand,Dhanbad,Katrash
Jharkhand,Dhanbad,Kendua
Jharkhand,Dhanbad,Khorimahua
Jharkhand,Dhanbad,Kumardubi
Jharkhand,Dhanbad,Kundhit
Jharkhand,Dhanbad,Lalpaniya
Jharkhand,Dhanbad,Loyabad
Jharkhand,Dhanbad,Madhupur
Jharkhand,Dhanbad,Maheshmunda
Jharkhand,Dhanbad,Mahuda
Jharkhand,Dhanbad,Mihijam
Jharkhand,Dhanbad,Murlipahari
Jharkhand,Dhanbad,Nala
Jharkhand,Dhanbad,Narayanpur
Jharkhand,Dhanbad,Nawadih
Jharkhand,Dhanbad,Nirsa
Jharkhand,Dhanbad,Pakur
Jharkhand,Dhanbad,Parasnath
Jharkhand,Dhanbad,Phusro
Jharkhand,Dhanbad,Pindrajora
Jharkhand,Dhanbad,Pirtand
Jharkhand,Dhanbad,Putki
Jharkhand,Dhanbad,Rajdhanwar
Jharkhand,Dhanbad,Rajgang
Jharkhand,Dhanbad,Sahebgang
Jharkhand,Dhanbad,Saria
Jharkhand,Dhanbad,Sindhri
Jharkhand,Dhanbad,Sonardih
Jharkhand,Dhanbad,Tenughat
Jharkhand,Dhanbad,Tisra
Jharkhand,Dhanbad,Tisri
Jharkhand,Dhanbad,Tundi
Jharkhand,Dhanbad,Uparghat
Jharkhand,Jamshedpur,Adityapur
Jharkhand,Jamshedpur,Anandpur
Jharkhand,Jamshedpur,Baharagora
Jharkhand,Jamshedpur,Bahragora
Jharkhand,Jamshedpur,Bandgaw
Jharkhand,Jamshedpur,Chaibasa
Jharkhand,Jamshedpur,Chakradharpur
Jharkhand,Jamshedpur,Chakulia
Jharkhand,Jamshedpur,Champua
Jharkhand,Jamshedpur,Chandil
Jharkhand,Jamshedpur,Dumaria
Jharkhand,Jamshedpur,Galudih
Jharkhand,Jamshedpur,Gamharia
Jharkhand,Jamshedpur,Ghatsila
Jharkhand,Jamshedpur,Goelkera
Jharkhand,Jamshedpur,Gua
Jharkhand,Jamshedpur,Hatgamharia
Jharkhand,Jamshedpur,Jadugora
Jharkhand,Jamshedpur,Jagannathpur
Jharkhand,Jamshedpur,Kharsawan
Jharkhand,Jamshedpur,Majhgaw
Jharkhand,Jamshedpur,Manjhari
Jharkhand,Jamshedpur,Manjhgaon
Jharkhand,Jamshedpur,Manoharpur (Jamshedpur)
Jharkhand,Jamshedpur,Nimdih
Jharkhand,Jamshedpur,Noamundi
Jharkhand,Jamshedpur,Patamda
Jharkhand,Jamshedpur,Potka
Jharkhand,Jamshedpur,Ranjnagaar
Jharkhand,Jamshedpur,Saraikela
Jharkhand,Jamshedpur,Sonua
Jharkhand,Jamshedpur,Syamsundarpur
Jharkhand,Ranchi,Angara
Jharkhand,Ranchi,Badkagaon
Jharkhand,Ranchi,Balumath
Jharkhand,Ranchi,Bano
Jharkhand,Ranchi,Bansidhar Nagar
Jharkhand,Ranchi,Barhi
Jharkhand,Ranchi,Barkakana
Jharkhand,Ranchi,Barwadih
Jharkhand,Ranchi,Basia
Jharkhand,Ranchi,Bero
Jharkhand,Ranchi,Betla
Jharkhand,Ranchi,Bhadaninagar
Jharkhand,Ranchi,Bhandara
Jharkhand,Ranchi,Bhandariya
Jharkhand,Ranchi,Bhawnathpur
Jharkhand,Ranchi,Bhurkunda
Jharkhand,Ranchi,Bishunpur
Jharkhand,Ranchi,Bolba
Jharkhand,Ranchi,Chainpur
Jharkhand,Ranchi,Chandwa
Jharkhand,Ranchi,Chandwara
Jharkhand,Ranchi,Chanho
Jharkhand,Ranchi,Chatra
Jharkhand,Ranchi,Chiniya
Jharkhand,Ranchi,Chitarpur
Jharkhand,Ranchi,Chouparan
Jharkhand,Ranchi,Dakra
Jharkhand,Ranchi,Daltongunj
Jharkhand,Ranchi,Dhurki
Jharkhand,Ranchi,Domchanch
Jharkhand,Ranchi,Dulmi
Jharkhand,Ranchi,Dumri
Jharkhand,Ranchi,Garhwa
Jharkhand,Ranchi,Garu
Jharkhand,Ranchi,Ghaghra
Jharkhand,Ranchi,Ghato
Jharkhand,Ranchi,Giddi
Jharkhand,Ranchi,Gidhaur (Jharkhand)
Jharkhand,Ranchi,Gola
Jharkhand,Ranchi,Gumla
Jharkhand,Ranchi,Haidarnagar
Jharkhand,Ranchi,Harihargang
Jharkhand,Ranchi,Hatia
Jharkhand,Ranchi,Hazaribagh
Jharkhand,Ranchi,Herhanj
Jharkhand,Ranchi,Hunterganj
Jharkhand,Ranchi,Hussainabad
Jharkhand,Ranchi,Ichak
Jharkhand,Ranchi,Itkhori
Jharkhand,Ranchi,Itki
Jharkhand,Ranchi,Jaldega
Jharkhand,Ranchi,Jari
Jharkhand,Ranchi,Jaynagar
Jharkhand,Ranchi,Jhumritilaya
Jharkhand,Ranchi,Kandi
Jharkhand,Ranchi,Kanhachatti
Jharkhand,Ranchi,Kanke
Jharkhand,Ranchi,Karanpura
Jharkhand,Ranchi,Karra
Jharkhand,Ranchi,Katkamsandi
Jharkhand,Ranchi,Kero
Jharkhand,Ranchi,Kersai
Jharkhand,Ranchi,Khalari
Jharkhand,Ranchi,Khuti
Jharkhand,Ranchi,Kisko
Jharkhand,Ranchi,Kodarma
Jharkhand,Ranchi,Kolebira
Jharkhand,Ranchi,Kujju
Jharkhand,Ranchi,Kunda
Jharkhand,Ranchi,Kurdeg
Jharkhand,Ranchi,Lesliganj
Jharkhand,Ranchi,Lohardaga
Jharkhand,Ranchi,Mandu
Jharkhand,Ranchi,Manjhiaon
Jharkhand,Ranchi,Markacho
Jharkhand,Ranchi,Mayur Hand
Jharkhand,Ranchi,Medininagar
Jharkhand,Ranchi,Meral
Jharkhand,Ranchi,Mohammadganj
Jharkhand,Ranchi,Murhu
Jharkhand,Ranchi,Muri
Jharkhand,Ranchi,Namkum
Jharkhand,Ranchi,Palamu
Jharkhand,Ranchi,Palkot
Jharkhand,Ranchi,Pandu
Jharkhand,Ranchi,Panki
Jharkhand,Ranchi,Patratu
Jharkhand,Ranchi,Pipra
Jharkhand,Ranchi,Piska nagri
Jharkhand,Ranchi,Pratapur
Jharkhand,Ranchi,Raidih
Jharkhand,Ranchi,Rajrappa
Jharkhand,Ranchi,Ramgarh (Ranchi)
Jharkhand,Ranchi,Ramna
Jharkhand,Ranchi,Rania (Jharkhand)
Jharkhand,Ranchi,Ranka
Jharkhand,Ranchi,Ratu
Jharkhand,Ranchi,Sadar
Jharkhand,Ranchi,Satbarwa
Jharkhand,Ranchi,Satganwa
Jharkhand,Ranchi,Silli
Jharkhand,Ranchi,Simariya
Jharkhand,Ranchi,Simdega
Jharkhand,Ranchi,Sisai
Jharkhand,Ranchi,Tamar
Jharkhand,Ranchi,Tandwa
Jharkhand,Ranchi,Tatijhariya
Jharkhand,Ranchi,Thethaitanger
Jharkhand,Ranchi,Torpa
Jharkhand,Ranchi,Urimari
Jharkhand,Ranchi,Vishnugarh
Jharkhand,Ranchi,Vishrampur (Jharkhand)
Jharkhand,Ranchi,latehar
Jharkhand,Ranchi,washal
Madhya Pradesh,Bhopal,Aron
Madhya Pradesh,Bhopal,Ashoknagar
Madhya Pradesh,Bhopal,Ashta
Madhya Pradesh,Bhopal,Bahadurpur (Bhopal)
Madhya Pradesh,Bhopal,Bareli
Madhya Pradesh,Bhopal,Bari
Madhya Pradesh,Bhopal,Begumganj
Madhya Pradesh,Bhopal,Binaganj
Madhya Pradesh,Bhopal,Biyawara
Madhya Pradesh,Bhopal,Budani
Madhya Pradesh,Bhopal,Chachoda
Madhya Pradesh,Bhopal,Chanderi
Madhya Pradesh,Bhopal,Chhapihera
Madhya Pradesh,Bhopal,Deveri
Madhya Pradesh,Bhopal,Gairatganj
Madhya Pradesh,Bhopal,Ganjbasoda
Madhya Pradesh,Bhopal,Gulabganj
Madhya Pradesh,Bhopal,Guna
Madhya Pradesh,Bhopal,Gyaraspur
Madhya Pradesh,Bhopal,Ichawar
Madhya Pradesh,Bhopal,Isagarh
Madhya Pradesh,Bhopal,Jamner
Madhya Pradesh,Bhopal,Jawar
Madhya Pradesh,Bhopal,Jirapur
Madhya Pradesh,Bhopal,Kalapipal
Madhya Pradesh,Bhopal,Karnawas
Madhya Pradesh,Bhopal,Khilchipur
Madhya Pradesh,Bhopal,Khujner
Madhya Pradesh,Bhopal,Kumbraj
Madhya Pradesh,Bhopal,Kurawar
Madhya Pradesh,Bhopal,Kurwai
Madhya Pradesh,Bhopal,Lateri
Madhya Pradesh,Bhopal,Machalpur
Madhya Pradesh,Bhopal,Madhusudangarh
Madhya Pradesh,Bhopal,Mandi Bamora
Madhya Pradesh,Bhopal,Mandideep
Madhya Pradesh,Bhopal,Mehlua Chuoraha
Madhya Pradesh,Bhopal,Mungawali
Madhya Pradesh,Bhopal,NFL
Madhya Pradesh,Bhopal,Narshinghgarh
Madhya Pradesh,Bhopal,Nasrullaganj
Madhya Pradesh,Bhopal,Nateran
Madhya Pradesh,Bhopal,Obedullaganj
Madhya Pradesh,Bhopal,Pachore
Madhya Pradesh,Bhopal,Pathari
Madhya Pradesh,Bhopal,Piprai
Madhya Pradesh,Bhopal,Pratapgarh (Bhopal)
Madhya Pradesh,Bhopal,Raghovgarh
Madhya Pradesh,Bhopal,Raisen
Madhya Pradesh,Bhopal,Rajgarh (Bhopal)
Madhya Pradesh,Bhopal,Rehati
Madhya Pradesh,Bhopal,Sanchi
Madhya Pradesh,Bhopal,Sant Hirdaram Nagar
Madhya Pradesh,Bhopal,Sarangpur (Bhopal)
Madhya Pradesh,Bhopal,Sehore
Madhya Pradesh,Bhopal,Shamshabad
Madhya Pradesh,Bhopal,Shayampur
Madhya Pradesh,Bhopal,Silwani
Madhya Pradesh,Bhopal,Sironj
Madhya Pradesh,Bhopal,Suthalia
Madhya Pradesh,Bhopal,Talen
Madhya Pradesh,Bhopal,Udaypura
Madhya Pradesh,Bhopal,Vidisha
Madhya Pradesh,Bhopal,Vijaypur
Madhya Pradesh,Gwalior,Aalmpur
Madhya Pradesh,Gwalior,Amayan
Madhya Pradesh,Gwalior,Ambah
Madhya Pradesh,Gwalior,Ater
Madhya Pradesh,Gwalior,Badarwas
Madhya Pradesh,Gwalior,Badoda
Madhya Pradesh,Gwalior,Banmor
Madhya Pradesh,Gwalior,Basai
Madhya Pradesh,Gwalior,Berad
Madhya Pradesh,Gwalior,Bhguvapura
Madhya Pradesh,Gwalior,Bhind
Madhya Pradesh,Gwalior,Bhonti
Madhya Pradesh,Gwalior,Daboh
Madhya Pradesh,Gwalior,Dabra
Madhya Pradesh,Gwalior,Datia
Madhya Pradesh,Gwalior,Datiya
Madhya Pradesh,Gwalior,Dimni
Madhya Pradesh,Gwalior,Dinara (MP)
Madhya Pradesh,Gwalior,Gohad
Madhya Pradesh,Gwalior,Gormi
Madhya Pradesh,Gwalior,Indergarh (MP)
Madhya Pradesh,Gwalior,Jaura
Madhya Pradesh,Gwalior,Kailaras
Madhya Pradesh,Gwalior,Karhal
Madhya Pradesh,Gwalior,Khniyadhana
Madhya Pradesh,Gwalior,Khuja
Madhya Pradesh,Gwalior,Kolaras
Madhya Pradesh,Gwalior,Krera
Madhya Pradesh,Gwalior,Lahar
Madhya Pradesh,Gwalior,Malanpur
Madhya Pradesh,Gwalior,Mehgav
Madhya Pradesh,Gwalior,Mihona
Madhya Pradesh,Gwalior,Mo
Madhya Pradesh,Gwalior,Morena
Madhya Pradesh,Gwalior,Narwar
Madhya Pradesh,Gwalior,Pahadgrah
Madhya Pradesh,Gwalior,Phuph
Madhya Pradesh,Gwalior,Pichhor
Madhya Pradesh,Gwalior,Pohri
Madhya Pradesh,Gwalior,Porsa
Madhya Pradesh,Gwalior,Raghunathpur
Madhya Pradesh,Gwalior,Rannod
Madhya Pradesh,Gwalior,Ron
Madhya Pradesh,Gwalior,Sabalgarh
Madhya Pradesh,Gwalior,Senvda
Madhya Pradesh,Gwalior,Sheopur
Madhya Pradesh,Gwalior,Sheour
Madhya Pradesh,Gwalior,Shivpuri
Madhya Pradesh,Gwalior,Shyampur
Madhya Pradesh,Gwalior,Sumavli
Madhya Pradesh,Gwalior,Tharet
Madhya Pradesh,Gwalior,Unnav
Madhya Pradesh,Hoshangabad,AATHNER
Madhya Pradesh,Hoshangabad,Amla
Madhya Pradesh,Hoshangabad,BHORA
Madhya Pradesh,Hoshangabad,Babai
Madhya Pradesh,Hoshangabad,Banapura
Madhya Pradesh,Hoshangabad,Betul
Madhya Pradesh,Hoshangabad,Bhensdehi
Madhya Pradesh,Hoshangabad,CHICHOLI
Madhya Pradesh,Hoshangabad,CHOPNA
Madhya Pradesh,Hoshangabad,Charkheda
Madhya Pradesh,Hoshangabad,Degawan Shankar
Madhya Pradesh,Hoshangabad,GHODADONGRI
Madhya Pradesh,Hoshangabad,Handiya
Madhya Pradesh,Hoshangabad,Harda
Madhya Pradesh,Hoshangabad,Itarsi
Madhya Pradesh,Hoshangabad,JHALLAR
Madhya Pradesh,Hoshangabad,KHEDI
Madhya Pradesh,Hoshangabad,Khirkiya (Hoshangabad)
Madhya Pradesh,Hoshangabad,Mahendragaon
Madhya Pradesh,Hoshangabad,Makhan nagar
Madhya Pradesh,Hoshangabad,Multai
Madhya Pradesh,Hoshangabad,NAKWADA
Madhya Pradesh,Hoshangabad,PACHMADI
Madhya Pradesh,Hoshangabad,Pathakheda
Madhya Pradesh,Hoshangabad,Pipariya
Madhya Pradesh,Hoshangabad,RANIPUR
Madhya Pradesh,Hoshangabad,SHAHAPUR
Madhya Pradesh,Hoshangabad,SHIVPUR
Madhya Pradesh,Hoshangabad,Sarni
Madhya Pradesh,Hoshangabad,Sirali
Madhya Pradesh,Hoshangabad,Sohagpur
Madhya Pradesh,Hoshangabad,Temagaon
Madhya Pradesh,Hoshangabad,Timarni
Madhya Pradesh,Hoshangabad,seoni malwa
Madhya Pradesh,Indore,Aliraj Pur
Madhya Pradesh,Indore,Amjhera
Madhya Pradesh,Indore,Badnawar
Madhya Pradesh,Indore,Bagli
Madhya Pradesh,Indore,Bamniya
Madhya Pradesh,Indore,Chapda
Madhya Pradesh,Indore,Depalpur
Madhya Pradesh,Indore,Dewas
Madhya Pradesh,Indore,Dhamnod
Madhya Pradesh,Indore,Dhar
Madhya Pradesh,Indore,Dharmpuri
Madhya Pradesh,Indore,Double Chowki
Madhya Pradesh,Indore,Gandhwani
Madhya Pradesh,Indore,Jhabua
Madhya Pradesh,Indore,Jobat
Madhya Pradesh,Indore,Kannod
Madhya Pradesh,Indore,Katthiwada
Madhya Pradesh,Indore,Khategaon
Madhya Pradesh,Indore,Kukhshi
Madhya Pradesh,Indore,Manawar
Madhya Pradesh,Indore,Meghnagar
Madhya Pradesh,Indore,Mhow
Madhya Pradesh,Indore,Pandiyal
Madhya Pradesh,Indore,Petlawad
Madhya Pradesh,Indore,Pithampur
Madhya Pradesh,Indore,Ranapur
Madhya Pradesh,Indore,Rau
Madhya Pradesh,Indore,Sardarpur
Madhya Pradesh,Indore,Sonkutch
Madhya Pradesh,Indore,Thandala
Madhya Pradesh,Indore,satwas
Madhya Pradesh,Jabalpur,
Madhya Pradesh,Khandwa,ANDAD
Madhya Pradesh,Khandwa,Anjad
Madhya Pradesh,Khandwa,Asha pur
Madhya Pradesh,Khandwa,BAGOD
Madhya Pradesh,Khandwa,BALSAMUD
Madhya Pradesh,Khandwa,BALWADA
Madhya Pradesh,Khandwa,BELWA
Madhya Pradesh,Khandwa,BHAGYAPUR
Madhya Pradesh,Khandwa,Badwah
Madhya Pradesh,Khandwa,Bamnala
Madhya Pradesh,Khandwa,Barwani
Madhya Pradesh,Khandwa,Beed
Madhya Pradesh,Khandwa,Bhagwanpura
Madhya Pradesh,Khandwa,Bhikangaon
Madhya Pradesh,Khandwa,Bistan
Madhya Pradesh,Khandwa,Burhanpur
Madhya Pradesh,Khandwa,CHACHARIYA
Madhya Pradesh,Khandwa,CHOLI
Madhya Pradesh,Khandwa,DHANORA
Madhya Pradesh,Khandwa,DHARGAON
Madhya Pradesh,Khandwa,DHAVLI
Madhya Pradesh,Khandwa,Dedhtalai
Madhya Pradesh,Khandwa,Dwana
Madhya Pradesh,Khandwa,GHANDWA
Madhya Pradesh,Khandwa,GHUGHARIYAKHEDI
Madhya Pradesh,Khandwa,GUDI
Madhya Pradesh,Khandwa,Gogawan
Madhya Pradesh,Khandwa,Harsood
Madhya Pradesh,Khandwa,JHIRNYA
Madhya Pradesh,Khandwa,Julwaniya
Madhya Pradesh,Khandwa,KAALMUKHI
Madhya Pradesh,Khandwa,KAROLI
Madhya Pradesh,Khandwa,KASRAWAD
Madhya Pradesh,Khandwa,KATKOOT
Madhya Pradesh,Khandwa,KHAAR
Madhya Pradesh,Khandwa,KHAMKHEDA
Madhya Pradesh,Khandwa,Karhi
Madhya Pradesh,Khandwa,Khaknar
Madhya Pradesh,Khandwa,Khalwa
Madhya Pradesh,Khandwa,Khargone
Madhya Pradesh,Khandwa,Khetiya
Madhya Pradesh,Khandwa,Killod
Madhya Pradesh,Khandwa,MANDLESHWAR
Madhya Pradesh,Khandwa,MORTAKKA
Madhya Pradesh,Khandwa,Maheshwar
Madhya Pradesh,Khandwa,Mandwara
Madhya Pradesh,Khandwa,Narmda Nagar
Madhya Pradesh,Khandwa,Nepanagar
Madhya Pradesh,Khandwa,Nimbola
Madhya Pradesh,Khandwa,Niwali
Madhya Pradesh,Khandwa,OON
Madhya Pradesh,Khandwa,Omkareshwar
Madhya Pradesh,Khandwa,PATAJAN
Madhya Pradesh,Khandwa,PIPLIYA BUJURG
Madhya Pradesh,Khandwa,PUNASA
Madhya Pradesh,Khandwa,Palsud
Madhya Pradesh,Khandwa,Pandhana
Madhya Pradesh,Khandwa,Pansemal
Madhya Pradesh,Khandwa,Pati
Madhya Pradesh,Khandwa,Rajpur (MP)
Madhya Pradesh,Khandwa,Roshani
Madhya Pradesh,Khandwa,SALKHEDA
Madhya Pradesh,Khandwa,SHIVANA
Madhya Pradesh,Khandwa,SINGOTE
Madhya Pradesh,Khandwa,Sanavad
Madhya Pradesh,Khandwa,Sendhwa
Madhya Pradesh,Khandwa,Shahpur
Madhya Pradesh,Khandwa,Thikari
Madhya Pradesh,Khandwa,chhegaon-makhan
Madhya Pradesh,Khandwa,moondi
Madhya Pradesh,Ratlam,Aalot
Madhya Pradesh,Ratlam,Bajna
Madhya Pradesh,Ratlam,Bhanpura
Madhya Pradesh,Ratlam,Birmaval
Madhya Pradesh,Ratlam,Daloda
Madhya Pradesh,Ratlam,Dhodar
Madhya Pradesh,Ratlam,Dhundhadka
Madhya Pradesh,Ratlam,Garoth
Madhya Pradesh,Ratlam,Jaora
Madhya Pradesh,Ratlam,Jawad
Madhya Pradesh,Ratlam,Jeeran
Madhya Pradesh,Ratlam,Kukdreshwar
Madhya Pradesh,Ratlam,Malhargarh
Madhya Pradesh,Ratlam,Manasa
Madhya Pradesh,Ratlam,Mandsaur
Madhya Pradesh,Ratlam,Mandsour
Madhya Pradesh,Ratlam,Namli
Madhya Pradesh,Ratlam,Narayangarh
Madhya Pradesh,Ratlam,Nayagaov
Madhya Pradesh,Ratlam,Neemuch
Madhya Pradesh,Ratlam,Piplia
Madhya Pradesh,Ratlam,Piploda
Madhya Pradesh,Ratlam,Pritam nagar
Madhya Pradesh,Ratlam,Raoti
Madhya Pradesh,Ratlam,Ringnod
Madhya Pradesh,Ratlam,Riyawan
Madhya Pradesh,Ratlam,Rojana
Madhya Pradesh,Ratlam,Sailana
Madhya Pradesh,Ratlam,Sarwan
Madhya Pradesh,Ratlam,Sarwaniya Maharaj
Madhya Pradesh,Ratlam,Shamgarh
Madhya Pradesh,Ratlam,Singoli (Ratlam)
Madhya Pradesh,Ratlam,Sitamau
Madhya Pradesh,Ratlam,Suwasra
Madhya Pradesh,Ratlam,Tal
Madhya Pradesh,Sagar,Abhana
Madhya Pradesh,Sagar,BALDEVGARH
Madhya Pradesh,Sagar,BAMHORI
Madhya Pradesh,Sagar,BANDAKPUR
Madhya Pradesh,Sagar,BANDRI
Madhya Pradesh,Sagar,BAREHATA
Madhya Pradesh,Sagar,BHANGVA
Madhya Pradesh,Sagar,Badamalehra
Madhya Pradesh,Sagar,Bakswaha
Madhya Pradesh,Sagar,Banda
Madhya Pradesh,Sagar,Banwar
Madhya Pradesh,Sagar,Barigarh
Madhya Pradesh,Sagar,Batiyagarh
Madhya Pradesh,Sagar,Bina
Madhya Pradesh,Sagar,CHANDERA
Madhya Pradesh,Sagar,Chandla
Madhya Pradesh,Sagar,Chhatarpur (MP)
Madhya Pradesh,Sagar,DEREE
Madhya Pradesh,Sagar,DIGODA
Madhya Pradesh,Sagar,Damoh
Madhya Pradesh,Sagar,Devrikala
Madhya Pradesh,Sagar,Fatehpur (Sagar)
Madhya Pradesh,Sagar,Futerikalan
Madhya Pradesh,Sagar,GORJHAMAR
Madhya Pradesh,Sagar,GULGANJ
Madhya Pradesh,Sagar,Gadakota
Madhya Pradesh,Sagar,Ghuwara
Madhya Pradesh,Sagar,HIRAPUR
Madhya Pradesh,Sagar,Harpal Pur
Madhya Pradesh,Sagar,Hata
Madhya Pradesh,Sagar,Hindoria
Madhya Pradesh,Sagar,JARUAKHEDA
Madhya Pradesh,Sagar,JASINAGAR
Madhya Pradesh,Sagar,Jabera
Madhya Pradesh,Sagar,Jatara
Madhya Pradesh,Sagar,KARRAPUR
Madhya Pradesh,Sagar,KHARGAPUR
Madhya Pradesh,Sagar,KUNDESHWAR
Madhya Pradesh,Sagar,Khurai
Madhya Pradesh,Sagar,LIDHORA
Madhya Pradesh,Sagar,Lovekush Nagar
Madhya Pradesh,Sagar,MAVAI
Madhya Pradesh,Sagar,Maharaj pur
Madhya Pradesh,Sagar,Naugaon
Madhya Pradesh,Sagar,Niwari
Madhya Pradesh,Sagar,ORCHHA
Madhya Pradesh,Sagar,PALERA
Madhya Pradesh,Sagar,PATANABUJURG
Madhya Pradesh,Sagar,PATERA
Madhya Pradesh,Sagar,Patharia
Madhya Pradesh,Sagar,Prithvipur
Madhya Pradesh,Sagar,RAHATGARH
Madhya Pradesh,Sagar,RANEH
Madhya Pradesh,Sagar,SHAHGARH
Madhya Pradesh,Sagar,SIHORA
Madhya Pradesh,Sagar,SURKHI
Madhya Pradesh,Sagar,Satai
Madhya Pradesh,Sagar,Tendukheda
Madhya Pradesh,Sagar,Tikamgarh
Madhya Pradesh,Sagar,khajuraho
Madhya Pradesh,Ujjain,AKODIA
Madhya Pradesh,Ujjain,Agar
Madhya Pradesh,Ujjain,BAROD
Madhya Pradesh,Ujjain,Badnagar
Madhya Pradesh,Ujjain,Bercha
Madhya Pradesh,Ujjain,DENDLA
Madhya Pradesh,Ujjain,GHATIA
Madhya Pradesh,Ujjain,GHOSLA
Madhya Pradesh,Ujjain,GONDIYA
Madhya Pradesh,Ujjain,GULANA
Madhya Pradesh,Ujjain,INGORIYA
Madhya Pradesh,Ujjain,KALISINDH
Madhya Pradesh,Ujjain,KANAD
Madhya Pradesh,Ujjain,KHARSOD -KALAN
Madhya Pradesh,Ujjain,Kalapipla
Madhya Pradesh,Ujjain,Khachrodh
Madhya Pradesh,Ujjain,MADANA
Madhya Pradesh,Ujjain,MADAVDA
Madhya Pradesh,Ujjain,Mahidpur
Madhya Pradesh,Ujjain,Maksi
Madhya Pradesh,Ujjain,Mankdawn
Madhya Pradesh,Ujjain,Nagda
Madhya Pradesh,Ujjain,Nalkhera
Madhya Pradesh,Ujjain,PACHLASI
Madhya Pradesh,Ujjain,PANWADI
Madhya Pradesh,Ujjain,PIPLONE KALA
Madhya Pradesh,Ujjain,POLAYKALA
Madhya Pradesh,Ujjain,SOYATKALA
Madhya Pradesh,Ujjain,SUNDARSI
Madhya Pradesh,Ujjain,SUNERA
Madhya Pradesh,Ujjain,Shajapur (Ujjain)
Madhya Pradesh,Ujjain,Shujalpur
Madhya Pradesh,Ujjain,Susner
Madhya Pradesh,Ujjain,Tajpur (MP)
Madhya Pradesh,Ujjain,Tarana
Madhya Pradesh,Ujjain,Unhel
Maharashtra,Ahmednagar,
Maharashtra,Akola,Buldhana
Maharashtra,Amravati,Yavatmal
Maharashtra,Aurangabad,Aurangabad Satellite
Maharashtra,Aurangabad,Beed
Maharashtra,Aurangabad,Jalna
Maharashtra,Aurangabad,Osmanabad
Maharashtra,Aurangabad,Waluj Mahanagar
Maharashtra,Jalgaon,Bhusawal
Maharashtra,Jalgaon,Chalisgaon
Maharashtra,Jalgaon,Chalisgaon Parisar
Maharashtra,Jalgaon,Dhule
Maharashtra,Jalgaon,Nandurbar
Maharashtra,Kolhapur,
Maharashtra,Mumbai,
Maharashtra,Mumbai,
Maharashtra,Nagpur,
Maharashtra,Nashik,Malegaon
Maharashtra,Nashik,Sinner
Maharashtra,Pune,
Maharashtra,Pune,
Maharashtra,Solapur,Solapur Jilha
Maharashtra,,
Mumbai,,
New Delhi,,
Punjab,Amritsar,Baba Bakala
Punjab,Amritsar,Beas
Punjab,Amritsar,Dhariwal
Punjab,Amritsar,Goindwal Sahib
Punjab,Amritsar,Harike
Punjab,Amritsar,Jandiyalaguru
Punjab,Amritsar,Khadur Sahib
Punjab,Amritsar,Khem Karan
Punjab,Amritsar,Majitha
Punjab,Amritsar,Manawala
Punjab,Amritsar,Patti
Punjab,Amritsar,Raiya
Punjab,Amritsar,Raja Sansi
Punjab,Amritsar,Ramdas
Punjab,Amritsar,Tarantaran
Punjab,Bathinda,AMARGARH
Punjab,Bathinda,Abohar
Punjab,Bathinda,Ajitwal
Punjab,Bathinda,BARIWAL
Punjab,Bathinda,Barnala
Punjab,Bathinda,Bhadaur
Punjab,Bathinda,Bhawanigarh
Punjab,Bathinda,Bhucho Mandi
Punjab,Bathinda,Cheema
Punjab,Bathinda,Dhanaula
Punjab,Bathinda,Dharamkot
Punjab,Bathinda,Dhuri
Punjab,Bathinda,Dirba
Punjab,Bathinda,Fazilka
Punjab,Bathinda,Firozpur
Punjab,Bathinda,Jalalabad
Punjab,Bathinda,KHAI
Punjab,Bathinda,Khanauri
Punjab,Bathinda,Lambi
Punjab,Bathinda,Lehragaga
Punjab,Bathinda,Longowal
Punjab,Bathinda,Malerkotla
Punjab,Bathinda,Malot
Punjab,Bathinda,Mamdot
Punjab,Bathinda,Maur Mandi
Punjab,Bathinda,Moga
Punjab,Bathinda,Moonak
Punjab,Bathinda,Nathana
Punjab,Bathinda,Rama Mandi
Punjab,Bathinda,Rampura Phul
Punjab,Bathinda,Sadik
Punjab,Bathinda,Sangat
Punjab,Bathinda,Sangrur
Punjab,Bathinda,Sherpur
Punjab,Bathinda,Sunam
Punjab,Bathinda,Talwandi Bhai
Punjab,Bathinda,Talwandi Sabo
Punjab,Bathinda,Tapa
Punjab,Bathinda,Zira
Punjab,Jalandhar,Aanandpur Sahib
Punjab,Jalandhar,Anandpur sahib
Punjab,Jalandhar,Balachour
Punjab,Jalandhar,Banga
Punjab,Jalandhar,Batala
Punjab,Jalandhar,Chamkaur sahib
Punjab,Jalandhar,Dasua
Punjab,Jalandhar,Datarpur
Punjab,Jalandhar,Deena Nagar
Punjab,Jalandhar,Dera baba nanak
Punjab,Jalandhar,Dhilwan
Punjab,Jalandhar,Dina nagar
Punjab,Jalandhar,Dunera
Punjab,Jalandhar,Gardiwala
Punjab,Jalandhar,Garhshankar
Punjab,Jalandhar,Gurdaspur
Punjab,Jalandhar,Hajipur
Punjab,Jalandhar,Hariana
Punjab,Jalandhar,Hoshiarpur
Punjab,Jalandhar,Kadiya
Punjab,Jalandhar,Kala sanghian
Punjab,Jalandhar,Kapurthala
Punjab,Jalandhar,Kathgarh
Punjab,Jalandhar,Kiratpur sahib
Punjab,Jalandhar,Madhopur
Punjab,Jalandhar,Mahilpur
Punjab,Jalandhar,Morinda
Punjab,Jalandhar,Mukerian
Punjab,Jalandhar,Mukundpur
Punjab,Jalandhar,Nadala
Punjab,Jalandhar,Nangal
Punjab,Jalandhar,Nawanshahr
Punjab,Jalandhar,Pathankot
Punjab,Jalandhar,Phagwara
Punjab,Jalandhar,Pojewal
Punjab,Jalandhar,Rahon
Punjab,Jalandhar,Rcf
Punjab,Jalandhar,Ropar
Punjab,Jalandhar,Sahpurkandi
Punjab,Jalandhar,Sailakhurd
Punjab,Jalandhar,Scince city
Punjab,Jalandhar,Talawandi choudharian
Punjab,Jalandhar,Talwara
Punjab,Jalandhar,Tanda
Punjab,Jalandhar,Taragarh
Punjab,Jalandhar,Udmur
Punjab,Ludhiana,Jagraon
Punjab,Ludhiana,Khanna
Punjab,Ludhiana,Ladowal
Punjab,Ludhiana,Machhiwara
Punjab,Ludhiana,Raikot
Punjab,Ludhiana,Samrala
Punjab,Ludhiana,Shahnewal
Punjab,Patiala,Badshapur
Punjab,Patiala,Banur
Punjab,Patiala,Bhadurgarh
Punjab,Patiala,Ghagha
Punjab,Patiala,Ghanour
Punjab,Patiala,Nabha
Punjab,Patiala,Patrana
Punjab,Patiala,Rajpura
Punjab,Patiala,Samana
Punjab,Patiala,Sanour
Punjab,Patiala,Shautrana
Rajasthan,Ajmer,Bayavar
Rajasthan,Ajmer,Bhinay
Rajasthan,Ajmer,Bijaynagar
Rajasthan,Ajmer,Kekadi
Rajasthan,Ajmer,Kishangarh
Rajasthan,Ajmer,Madanganj
Rajasthan,Ajmer,Masuda
Rajasthan,Ajmer,Nasirabad
Rajasthan,Ajmer,Pisagan
Rajasthan,Ajmer,Pushkar
Rajasthan,Alwar,Bansur
Rajasthan,Alwar,Behror
Rajasthan,Alwar,Bhiwadi
Rajasthan,Alwar,BibiRani
Rajasthan,Alwar,Chopanki Shahabad
Rajasthan,Alwar,Govindgarh (Alwar)
Rajasthan,Alwar,Kathumar
Rajasthan,Alwar,Kathuwas
Rajasthan,Alwar,Khairthal
Rajasthan,Alwar,Kherli
Rajasthan,Alwar,Kishangarhbas
Rajasthan,Alwar,Kotkasim
Rajasthan,Alwar,Laxmangarh (Alwar)
Rajasthan,Alwar,Majri Kala
Rajasthan,Alwar,Malakhera
Rajasthan,Alwar,Mundawar
Rajasthan,Alwar,Neemrana
Rajasthan,Alwar,Rajgarh (Alwar)
Rajasthan,Alwar,Ramgarh (Alwar)
Rajasthan,Alwar,Shahjanpur
Rajasthan,Alwar,Tapukra
Rajasthan,Alwar,Tatarpur
Rajasthan,Alwar,Thanagazi
Rajasthan,Alwar,Tijara
Rajasthan,Alwar,kishori
Rajasthan,Banswara,Aaspur
Rajasthan,Banswara,Anandpuri
Rajasthan,Banswara,Arthuna
Rajasthan,Banswara,Badodiya
Rajasthan,Banswara,Bagidora
Rajasthan,Banswara,Barodiya
Rajasthan,Banswara,Bichiwara
Rajasthan,Banswara,Bildi
Rajasthan,Banswara,Bori
Rajasthan,Banswara,Chidiyawasa
Rajasthan,Banswara,Chinch
Rajasthan,Banswara,Chokhala
Rajasthan,Banswara,Chota dungra
Rajasthan,Banswara,Dariyati
Rajasthan,Banswara,Dewal
Rajasthan,Banswara,Dhambola
Rajasthan,Banswara,Dungarpur
Rajasthan,Banswara,Gamdi Ahada.
Rajasthan,Banswara,Ganeshpur
Rajasthan,Banswara,Genji
Rajasthan,Banswara,Ghatol
Rajasthan,Banswara,Kanba
Rajasthan,Banswara,Karawada
Rajasthan,Banswara,Khodan
Rajasthan,Banswara,Kotada
Rajasthan,Banswara,Kushalgarh
Rajasthan,Banswara,Lohariya
Rajasthan,Banswara,Mahidam
Rajasthan,Banswara,Mandli
Rajasthan,Banswara,Mohkampura
Rajasthan,Banswara,Mor
Rajasthan,Banswara,Naugama
Rajasthan,Banswara,Nawagaon
Rajasthan,Banswara,Paloda
Rajasthan,Banswara,Partapur
Rajasthan,Banswara,Pith
Rajasthan,Banswara,Punali
Rajasthan,Banswara,Sabla
Rajasthan,Banswara,Sagwara
Rajasthan,Banswara,Sajjangarh
Rajasthan,Banswara,Senawasa
Rajasthan,Banswara,Simalwara
Rajasthan,Banswara,Surpur
Rajasthan,Banswara,Tamitiya
Rajasthan,Banswara,Thana
Rajasthan,Banswara,Vardha
Rajasthan,Banswara,joulana
Rajasthan,Barmer,Ajit
Rajasthan,Barmer,Balotra
Rajasthan,Barmer,Batadu
Rajasthan,Barmer,Baytu
Rajasthan,Barmer,Bhadka
Rajasthan,Barmer,Bhaniyana
Rajasthan,Barmer,Bhikhodai
Rajasthan,Barmer,Chouhtan
Rajasthan,Barmer,Devikot
Rajasthan,Barmer,Dhorimana
Rajasthan,Barmer,Falsund
Rajasthan,Barmer,Gadra Road
Rajasthan,Barmer,Gudamalani
Rajasthan,Barmer,Jaisalmer
Rajasthan,Barmer,Jasol
Rajasthan,Barmer,Kanasar
Rajasthan,Barmer,Kashmir
Rajasthan,Barmer,Kawas
Rajasthan,Barmer,Mohangarh
Rajasthan,Barmer,Mokalsar
Rajasthan,Barmer,Nachna
Rajasthan,Barmer,Nokh
Rajasthan,Barmer,Pachpadra
Rajasthan,Barmer,Patodi
Rajasthan,Barmer,Pokhran
Rajasthan,Barmer,Pokran
Rajasthan,Barmer,Rakhi
Rajasthan,Barmer,Ramaniya
Rajasthan,Barmer,Ramdevra
Rajasthan,Barmer,Samdari
Rajasthan,Barmer,Sindhari
Rajasthan,Barmer,Siwana
Rajasthan,Barmer,Undu
Rajasthan,Barmer,Uttarlai
Rajasthan,Barmer,channdha
Rajasthan,Barmer,shiv
Rajasthan,Bharatpur,Adda
Rajasthan,Bharatpur,Angai
Rajasthan,Bharatpur,Babula
Rajasthan,Bharatpur,Badi (Bharatpur)
Rajasthan,Bharatpur,Basai Navab
Rajasthan,Bharatpur,Baseri
Rajasthan,Bharatpur,Bhusawar
Rajasthan,Bharatpur,Deeg
Rajasthan,Bharatpur,Dholpur
Rajasthan,Bharatpur,Gopalgarh
Rajasthan,Bharatpur,Goverdhan (UP)
Rajasthan,Bharatpur,Halena
Rajasthan,Bharatpur,Jurhra
Rajasthan,Bharatpur,Kama
Rajasthan,Bharatpur,Kumher
Rajasthan,Bharatpur,Maniya
Rajasthan,Bharatpur,Nadbai
Rajasthan,Bharatpur,Nagar
Rajasthan,Bharatpur,Panch Gaon
Rajasthan,Bharatpur,Rajakhera
Rajasthan,Bharatpur,Rudawal
Rajasthan,Bharatpur,Rupbas
Rajasthan,Bharatpur,Saipau
Rajasthan,Bharatpur,Saramathura
Rajasthan,Bharatpur,Sikari
Rajasthan,Bharatpur,Siras (Bharatpur)
Rajasthan,Bharatpur,bayana
Rajasthan,Bharatpur,jaki
Rajasthan,Bhilwara,Aakola
Rajasthan,Bhilwara,Aasind
Rajasthan,Bhilwara,Amarwasi
Rajasthan,Bhilwara,Badesar
Rajasthan,Bhilwara,Badnor
Rajasthan,Bhilwara,Bagour
Rajasthan,Bhilwara,Baneda
Rajasthan,Bhilwara,Banera
Rajasthan,Bhilwara,Bansen
Rajasthan,Bhilwara,Barundani
Rajasthan,Bhilwara,Begu
Rajasthan,Bhilwara,Bera
Rajasthan,Bhilwara,Bhadsoda
Rajasthan,Bhilwara,Bhopalsagar
Rajasthan,Bhilwara,Bigod
Rajasthan,Bhilwara,Bijoliya
Rajasthan,Bhilwara,Binota
Rajasthan,Bhilwara,Boheda
Rajasthan,Bhilwara,Chittorgarh
Rajasthan,Bhilwara,Dhanop
Rajasthan,Bhilwara,Dungla
Rajasthan,Bhilwara,Gangapur
Rajasthan,Bhilwara,Gangrar (Bhilwara)
Rajasthan,Bhilwara,Gendlia
Rajasthan,Bhilwara,Gulabpura
Rajasthan,Bhilwara,Hamirgarh
Rajasthan,Bhilwara,Hurda
Rajasthan,Bhilwara,Jahajpur
Rajasthan,Bhilwara,Kachola
Rajasthan,Bhilwara,Kanera
Rajasthan,Bhilwara,Kannoj
Rajasthan,Bhilwara,Kapasan
Rajasthan,Bhilwara,Kareda
Rajasthan,Bhilwara,Keriya
Rajasthan,Bhilwara,Khodaip
Rajasthan,Bhilwara,Koshithal
Rajasthan,Bhilwara,Kotari
Rajasthan,Bhilwara,Koyhiya
Rajasthan,Bhilwara,Mandal
Rajasthan,Bhilwara,Mangalvad
Rajasthan,Bhilwara,Morwan
Rajasthan,Bhilwara,Nandrai
Rajasthan,Bhilwara,Nikumba
Rajasthan,Bhilwara,Nimbaheda
Rajasthan,Bhilwara,Pahuna
Rajasthan,Bhilwara,Pander
Rajasthan,Bhilwara,Panotiya
Rajasthan,Bhilwara,Paroli
Rajasthan,Bhilwara,Parsoli
Rajasthan,Bhilwara,Payari
Rajasthan,Bhilwara,Rashmi
Rajasthan,Bhilwara,Rayla
Rajasthan,Bhilwara,Ropa
Rajasthan,Bhilwara,Sadas
Rajasthan,Bhilwara,Sanwariyaji
Rajasthan,Bhilwara,Sawaipur
Rajasthan,Bhilwara,Shahpura (Bhilwara)
Rajasthan,Bhilwara,Singhpur
Rajasthan,Bhilwara,Singoli (Bhilwara)
Rajasthan,Bhilwara,Tikar
Rajasthan,Bhilwara,Tilswa
Rajasthan,Bhilwara,Triveni
Rajasthan,Bhilwara,Vana
Rajasthan,Bhilwara,Wonder Cement
Rajasthan,Bikaner,Dantour
Rajasthan,Bikaner,Derajsar
Rajasthan,Bikaner,Gajner
Rajasthan,Bikaner,Kolayat
Rajasthan,Bikaner,Loonkaransar
Rajasthan,Bikaner,Nokha
Rajasthan,Bikaner,Panchoo
Rajasthan,Bikaner,Plana
Rajasthan,Bikaner,Shri Dungargarh
Rajasthan,Bikaner,khajuwala
Rajasthan,Jaipur,Ajitgrah
Rajasthan,Jaipur,Aligarh
Rajasthan,Jaipur,Amer
Rajasthan,Jaipur,BAGHAWAS
Rajasthan,Jaipur,Bagru
Rajasthan,Jaipur,Balaghat
Rajasthan,Jaipur,Balaji mahendipur
Rajasthan,Jaipur,Baler
Rajasthan,Jaipur,Bamanwas
Rajasthan,Jaipur,Bandikui
Rajasthan,Jaipur,Banetha
Rajasthan,Jaipur,Banthli
Rajasthan,Jaipur,Bassi
Rajasthan,Jaipur,Baswa
Rajasthan,Jaipur,Bhagwatgarh
Rajasthan,Jaipur,Bonli
Rajasthan,Jaipur,Chaksu
Rajasthan,Jaipur,Chandrana
Rajasthan,Jaipur,Chandwaji
Rajasthan,Jaipur,Chomu
Rajasthan,Jaipur,Dausa
Rajasthan,Jaipur,Deoli
Rajasthan,Jaipur,Devlen
Rajasthan,Jaipur,Dudu
Rajasthan,Jaipur,Duni
Rajasthan,Jaipur,Gangapur City
Rajasthan,Jaipur,Geejgarh
Rajasthan,Jaipur,Govindgarh (Jaipur)
Rajasthan,Jaipur,Gudhachandraji
Rajasthan,Jaipur,Hindon
Rajasthan,Jaipur,Hindupura
Rajasthan,Jaipur,Hingoniya
Rajasthan,Jaipur,Jaitpura
Rajasthan,Jaipur,Jastana
Rajasthan,Jaipur,Jat Nagla
Rajasthan,Jaipur,Jobner
Rajasthan,Jaipur,Kailadevi
Rajasthan,Jaipur,Kaladera
Rajasthan,Jaipur,Karauli
Rajasthan,Jaipur,Kari
Rajasthan,Jaipur,Kariri
Rajasthan,Jaipur,Karsai
Rajasthan,Jaipur,Kasba Shahar
Rajasthan,Jaipur,Katkad
Rajasthan,Jaipur,Kemla
Rajasthan,Jaipur,Khandar
Rajasthan,Jaipur,Khirni
Rajasthan,Jaipur,Kotputali
Rajasthan,Jaipur,Kundal
Rajasthan,Jaipur,Lalsot
Rajasthan,Jaipur,Mahawa
Rajasthan,Jaipur,Mahu Ibrahim
Rajasthan,Jaipur,Malarna dungar
Rajasthan,Jaipur,Malpura
Rajasthan,Jaipur,Mandrayal
Rajasthan,Jaipur,Manpur machedi
Rajasthan,Jaipur,Masalpur
Rajasthan,Jaipur,Moar
Rajasthan,Jaipur,NARAULI
Rajasthan,Jaipur,Nadouti
Rajasthan,Jaipur,Nasirda
Rajasthan,Jaipur,Niwai
Rajasthan,Jaipur,Pacherwar
Rajasthan,Jaipur,Paparda
Rajasthan,Jaipur,Pawta
Rajasthan,Jaipur,Peplu
Rajasthan,Jaipur,Phagi
Rajasthan,Jaipur,Phulera
Rajasthan,Jaipur,Pipalwada
Rajasthan,Jaipur,Rajmahal
Rajasthan,Jaipur,Ranoli
Rajasthan,Jaipur,Riwali
Rajasthan,Jaipur,Sapotara
Rajasthan,Jaipur,Sarsop
Rajasthan,Jaipur,Sawai Madhopur
Rajasthan,Jaipur,Senthal
Rajasthan,Jaipur,Shahpura (Jaipur)
Rajasthan,Jaipur,Shiwar
Rajasthan,Jaipur,Sikandra
Rajasthan,Jaipur,Sikrai
Rajasthan,Jaipur,Siras
Rajasthan,Jaipur,Soorwal
Rajasthan,Jaipur,Suronth
Rajasthan,Jaipur,Talawada
Rajasthan,Jaipur,Todabheem
Rajasthan,Jaipur,Todaraisingh
Rajasthan,Jaipur,Tonk
Rajasthan,Jaipur,Tunga
Rajasthan,Jaipur,Uniyara
Rajasthan,Jaipur,Vajirpur
Rajasthan,Jaipur,Viratnagar
Rajasthan,Jodhpur,Asop
Rajasthan,Jodhpur,Balesar
Rajasthan,Jodhpur,Bap
Rajasthan,Jodhpur,Bhopalgarh
Rajasthan,Jodhpur,Borunda
Rajasthan,Jodhpur,Dangiyawas
Rajasthan,Jodhpur,Dhundhara
Rajasthan,Jodhpur,Kairu
Rajasthan,Jodhpur,Lohawat
Rajasthan,Jodhpur,Luni
Rajasthan,Jodhpur,Mathaniya
Rajasthan,Jodhpur,Phalodi
Rajasthan,Jodhpur,Pichiyak
Rajasthan,Jodhpur,Pilwa
Rajasthan,Jodhpur,Shergar
Rajasthan,Kota,Aavan
Rajasthan,Kota,Aklera
Rajasthan,Kota,Anta
Rajasthan,Kota,Asnawar
Rajasthan,Kota,Atru
Rajasthan,Kota,Ayana
Rajasthan,Kota,Bakani
Rajasthan,Kota,Bansi
Rajasthan,Kota,Bapawar
Rajasthan,Kota,Baran
Rajasthan,Kota,Basoli
Rajasthan,Kota,Besroadgarh
Rajasthan,Kota,Bhawani Mandi
Rajasthan,Kota,Bohat
Rajasthan,Kota,Bundi
Rajasthan,Kota,Chechat
Rajasthan,Kota,Chhabra
Rajasthan,Kota,Choumehla
Rajasthan,Kota,Dabi
Rajasthan,Kota,Dablana
Rajasthan,Kota,Dag
Rajasthan,Kota,Dai
Rajasthan,Kota,Digod
Rajasthan,Kota,Eklera
Rajasthan,Kota,Ganeshganj
Rajasthan,Kota,Harnavdashahji
Rajasthan,Kota,Hindoli
Rajasthan,Kota,Itawah
Rajasthan,Kota,Jajawar
Rajasthan,Kota,Jalwara
Rajasthan,Kota,Jhalawar (Kota)
Rajasthan,Kota,Jhali ji ka barana
Rajasthan,Kota,Jhalrapatan
Rajasthan,Kota,K.patan
Rajasthan,Kota,Kanwas
Rajasthan,Kota,Kapren
Rajasthan,Kota,Kasbathana
Rajasthan,Kota,Katholi
Rajasthan,Kota,Katthoon
Rajasthan,Kota,Kawai
Rajasthan,Kota,Kelwara
Rajasthan,Kota,Mangrol
Rajasthan,Kota,Manoharthan
Rajasthan,Kota,Modak
Rajasthan,Kota,Moikala
Rajasthan,Kota,Nahargarh
Rajasthan,Kota,Namana
Rajasthan,Kota,Nanwan
Rajasthan,Kota,Panwar
Rajasthan,Kota,Petch ki bawari
Rajasthan,Kota,Pidhawa
Rajasthan,Kota,Piplda
Rajasthan,Kota,R.mandi
Rajasthan,Kota,Ratlai
Rajasthan,Kota,Rawatbhata
Rajasthan,Kota,Samraniya
Rajasthan,Kota,Sangod
Rajasthan,Kota,Sarthal
Rajasthan,Kota,Satalkheri
Rajasthan,Kota,Seemliya
Rajasthan,Kota,Seeswali
Rajasthan,Kota,Shahabad
Rajasthan,Kota,Suket
Rajasthan,Kota,Sultanpur
Rajasthan,Kota,Sumerganj Mandi
Rajasthan,Kota,Sunel
Rajasthan,Kota,Taledha
Rajasthan,Kota,lakheri
Rajasthan,Nagaur,Alaniyawas
Rajasthan,Nagaur,Badu
Rajasthan,Nagaur,Besroli
Rajasthan,Nagaur,Chhoti Khatu
Rajasthan,Nagaur,Degana
Rajasthan,Nagaur,Deshwal
Rajasthan,Nagaur,Deswal
Rajasthan,Nagaur,Didwana
Rajasthan,Nagaur,Gachhipura
Rajasthan,Nagaur,Gotan
Rajasthan,Nagaur,Harsore
Rajasthan,Nagaur,Jayal
Rajasthan,Nagaur,Khajwana
Rajasthan,Nagaur,Khiwsar
Rajasthan,Nagaur,Kuchaman
Rajasthan,Nagaur,Kuchera
Rajasthan,Nagaur,Ladnu
Rajasthan,Nagaur,Makrana
Rajasthan,Nagaur,Manglana
Rajasthan,Nagaur,Merta
Rajasthan,Nagaur,Nawa
Rajasthan,Nagaur,Nimod
Rajasthan,Nagaur,PHEE
Rajasthan,Nagaur,Padukala
Rajasthan,Nagaur,Parbatsar
Rajasthan,Nagaur,Ren
Rajasthan,Nagaur,Rid
Rajasthan,Nagaur,Riya Badi
Rajasthan,Nagaur,Rune
Rajasthan,Nagaur,Sanju
Rajasthan,Nagaur,Sankhwas
Rajasthan,Nagaur,Senani
Rajasthan,Pali,Aahor
Rajasthan,Pali,Aauva
Rajasthan,Pali,Abu road
Rajasthan,Pali,Anadra
Rajasthan,Pali,Anandpur Kalu
Rajasthan,Pali,Bad gaon
Rajasthan,Pali,Bagdinagar
Rajasthan,Pali,Bagoda
Rajasthan,Pali,Bala
Rajasthan,Pali,Bali
Rajasthan,Pali,Bar
Rajasthan,Pali,Bhadrajune
Rajasthan,Pali,Bhatana
Rajasthan,Pali,Bhinmal
Rajasthan,Pali,Chitalwana
Rajasthan,Pali,Dhanerav
Rajasthan,Pali,Falana
Rajasthan,Pali,Giri
Rajasthan,Pali,Goyali
Rajasthan,Pali,Guda balotan
Rajasthan,Pali,Jaitaran
Rajasthan,Pali,Jalore
Rajasthan,Pali,Jashwantpura
Rajasthan,Pali,Jaswantpura
Rajasthan,Pali,Jawal
Rajasthan,Pali,Jhab
Rajasthan,Pali,Kalndri
Rajasthan,Pali,Karda
Rajasthan,Pali,Khara
Rajasthan,Pali,Khinwara
Rajasthan,Pali,Kojara
Rajasthan,Pali,Lambiya
Rajasthan,Pali,Mandar
Rajasthan,Pali,Marwar Junction
Rajasthan,Pali,Modran
Rajasthan,Pali,Mount abu
Rajasthan,Pali,Mundara
Rajasthan,Pali,Nadol
Rajasthan,Pali,Nana Bera
Rajasthan,Pali,Narlai
Rajasthan,Pali,Nimaj
Rajasthan,Pali,Paladi
Rajasthan,Pali,Posaliya
Rajasthan,Pali,Raipur (Pali)
Rajasthan,Pali,Ramsin
Rajasthan,Pali,Ranavas
Rajasthan,Pali,Rani
Rajasthan,Pali,Raniwara
Rajasthan,Pali,Ras
Rajasthan,Pali,Revdar
Rajasthan,Pali,Rohida
Rajasthan,Pali,Sadari
Rajasthan,Pali,Sanchore
Rajasthan,Pali,Sanderao
Rajasthan,Pali,Sayala
Rajasthan,Pali,Sewara
Rajasthan,Pali,Sheoganj
Rajasthan,Pali,Sirohi
Rajasthan,Pali,Siyana
Rajasthan,Pali,Sojat
Rajasthan,Pali,Sumerpur
Rajasthan,Pali,Swaroopganj
Rajasthan,Pali,TAKHAT GARH
Rajasthan,Pali,Tanwari
Rajasthan,Pali,Thakatgarh
Rajasthan,Pali,Ummedabad
Rajasthan,Sikar,Ajeetgarh
Rajasthan,Sikar,Alsisar
Rajasthan,Sikar,Badagawan
Rajasthan,Sikar,Bagad
Rajasthan,Sikar,Bagholi
Rajasthan,Sikar,Bhaleri
Rajasthan,Sikar,Bhaloth
Rajasthan,Sikar,Bidasar
Rajasthan,Sikar,Bisau
Rajasthan,Sikar,Bugala
Rajasthan,Sikar,Buhana
Rajasthan,Sikar,Chala
Rajasthan,Sikar,Chanana
Rajasthan,Sikar,Chanwara
Rajasthan,Sikar,Chapar
Rajasthan,Sikar,Chidawa
Rajasthan,Sikar,Churu
Rajasthan,Sikar,Danta
Rajasthan,Sikar,Dhod
Rajasthan,Sikar,Fatehpur (Sikar)
Rajasthan,Sikar,Jaswantgarh
Rajasthan,Sikar,Jeenmata
Rajasthan,Sikar,Jhunjhunu
Rajasthan,Sikar,Kanwat
Rajasthan,Sikar,Khachriyawas
Rajasthan,Sikar,Khandela
Rajasthan,Sikar,Khetari
Rajasthan,Sikar,Ladanu
Rajasthan,Sikar,Laxmangarh (Sikar)
Rajasthan,Sikar,Losal
Rajasthan,Sikar,Malsisar
Rajasthan,Sikar,Mandawa
Rajasthan,Sikar,Mandrela
Rajasthan,Sikar,Mukundgarh
Rajasthan,Sikar,Nawalgarh
Rajasthan,Sikar,Nechwa
Rajasthan,Sikar,Neem ka thana
Rajasthan,Sikar,Parasrampura
Rajasthan,Sikar,Patan (Rajasthan)
Rajasthan,Sikar,Pilani
Rajasthan,Sikar,Rajaldesar
Rajasthan,Sikar,Ratangarh
Rajasthan,Sikar,Rewasa
Rajasthan,Sikar,Ringus
Rajasthan,Sikar,Sadulpur
Rajasthan,Sikar,Sahwa
Rajasthan,Sikar,Salasar
Rajasthan,Sikar,Sandwa
Rajasthan,Sikar,Sardarshar
Rajasthan,Sikar,Shrimadhopur
Rajasthan,Sikar,Sidhmukh
Rajasthan,Sikar,Singhana
Rajasthan,Sikar,Sujangarh
Rajasthan,Sikar,Surajgarh
Rajasthan,Sikar,Surera
Rajasthan,Sikar,Tai
Rajasthan,Sikar,Taranagar
Rajasthan,Sikar,Thoi
Rajasthan,Sikar,Udaipurwati
Rajasthan,Sikar,Umada
Rajasthan,Sriganganagar,Air Force
Rajasthan,Sriganganagar,Anoopgarh
Rajasthan,Sriganganagar,Arayan
Rajasthan,Sriganganagar,Beenjhabayala
Rajasthan,Sriganganagar,Bhadra
Rajasthan,Sriganganagar,Bhukarka
Rajasthan,Sriganganagar,Burjwala
Rajasthan,Sriganganagar,Chunawadh
Rajasthan,Sriganganagar,Dabali rathan
Rajasthan,Sriganganagar,Dhaba
Rajasthan,Sriganganagar,Fefana
Rajasthan,Sriganganagar,Gajsinghpur
Rajasthan,Sriganganagar,Gharsana
Rajasthan,Sriganganagar,Goluwala
Rajasthan,Sriganganagar,Gomawali
Rajasthan,Sriganganagar,Hanumangarh
Rajasthan,Sriganganagar,Jakhadawali
Rajasthan,Sriganganagar,Jetsar
Rajasthan,Sriganganagar,Kesrisinghpur
Rajasthan,Sriganganagar,Khat
Rajasthan,Sriganganagar,Khata
Rajasthan,Sriganganagar,Lakha
Rajasthan,Sriganganagar,Likhmisar
Rajasthan,Sriganganagar,Malwani
Rajasthan,Sriganganagar,Mirjewala
Rajasthan,Sriganganagar,Netewala
Rajasthan,Sriganganagar,Nohar
Rajasthan,Sriganganagar,Padampur
Rajasthan,Sriganganagar,Pakasarana
Rajasthan,Sriganganagar,Pallu
Rajasthan,Sriganganagar,Parlika
Rajasthan,Sriganganagar,Pilibanga
Rajasthan,Sriganganagar,Raghunathpura
Rajasthan,Sriganganagar,Raisinghnagar
Rajasthan,Sriganganagar,Rajiasar
Rajasthan,Sriganganagar,Ramvas
Rajasthan,Sriganganagar,Ratanpura
Rajasthan,Sriganganagar,Rawala mandi
Rajasthan,Sriganganagar,Rawatsar
Rajasthan,Sriganganagar,Ridmalsar
Rajasthan,Sriganganagar,SPD 18
Rajasthan,Sriganganagar,Sadulshahar
Rajasthan,Sriganganagar,Sangariya
Rajasthan,Sriganganagar,Sangeeta
Rajasthan,Sriganganagar,Sri karanpur
Rajasthan,Sriganganagar,Suratgarh
Rajasthan,Sriganganagar,Thalarka
Rajasthan,Sriganganagar,Theatre
Rajasthan,Sriganganagar,Tibbi
Rajasthan,Sriganganagar,Vijay nagar
Rajasthan,Sriganganagar,kharachak
Rajasthan,Udaipur,Amet
Rajasthan,Udaipur,Arnod
Rajasthan,Udaipur,Avleshwar
Rajasthan,Udaipur,Badi Sakhthali
Rajasthan,Udaipur,Bengu
Rajasthan,Udaipur,Bhim
Rajasthan,Udaipur,Bhupalsagar
Rajasthan,Udaipur,Charbhuja
Rajasthan,Udaipur,Chotisadari
Rajasthan,Udaipur,Dalot
Rajasthan,Udaipur,Delwara
Rajasthan,Udaipur,Devgarh
Rajasthan,Udaipur,Dhariyavad
Rajasthan,Udaipur,Fatah nagar
Rajasthan,Udaipur,Ghantali
Rajasthan,Udaipur,Kelwa
Rajasthan,Udaipur,Khamnor
Rajasthan,Udaipur,Kherot
Rajasthan,Udaipur,Kunwariya
Rajasthan,Udaipur,Kuraj
Rajasthan,Udaipur,Lawa Sardargarh
Rajasthan,Udaipur,Mangalwar
Rajasthan,Udaipur,Mungada
Rajasthan,Udaipur,Nathdwara
Rajasthan,Udaipur,Parsola
Rajasthan,Udaipur,Peoplekhunt
Rajasthan,Udaipur,Pratapgarh ( Udaipur)
Rajasthan,Udaipur,Rajsamand
Rajasthan,Udaipur,Sanwaliyaji
Uttar Pradesh,Agra,
Uttar Pradesh,Allahabad,
Uttar Pradesh,Gorakhpur,
Uttar Pradesh,Jhansi,
Uttar Pradesh,Kanpur,
Uttar Pradesh,Lucknow,
Uttar Pradesh,Meerut,
Uttar Pradesh,Varanasi,
